home_team,away_team,home_r_win,away_r_win,home_Ave_goal,away_Ave_goal,result
Belgium,USA,0.4166666666666667,0.24242424242424246,1.4166666666666667,1.1212121212121209,0
France,Mexico,0.5151515151515151,0.2807017543859649,1.818181818181818,1.0526315789473684,1
Brazil,Yugoslavia,0.6697247706422018,0.42424242424242425,2.1009174311926606,1.6666666666666667,0
Peru,Romania,0.2777777777777778,0.3809523809523809,1.1666666666666667,1.4285714285714286,0
Argentina,France,0.5308641975308642,0.5151515151515151,1.6913580246913582,1.818181818181818,1
Chile,Mexico,0.3333333333333333,0.2807017543859649,1.2121212121212122,1.0526315789473684,1
Bolivia,Yugoslavia,0.0,0.42424242424242425,0.16666666666666666,1.6666666666666667,0
Paraguay,USA,0.25925925925925924,0.24242424242424246,1.1111111111111112,1.1212121212121209,0
Uruguay,Peru,0.42857142857142855,0.2777777777777778,1.5535714285714286,1.1666666666666667,1
Argentina,Mexico,0.5308641975308642,0.2807017543859649,1.6913580246913582,1.0526315789473684,1
Chile,France,0.3333333333333333,0.5151515151515151,1.2121212121212122,1.818181818181818,1
Belgium,Paraguay,0.4166666666666667,0.25925925925925924,1.4166666666666667,1.1111111111111112,0
Bolivia,Brazil,0.0,0.6697247706422018,0.16666666666666666,2.1009174311926606,0
Uruguay,Romania,0.42857142857142855,0.3809523809523809,1.5535714285714286,1.4285714285714286,1
Argentina,Chile,0.5308641975308642,0.3333333333333333,1.6913580246913582,1.2121212121212122,1
Argentina,USA,0.5308641975308642,0.24242424242424246,1.6913580246913582,1.1212121212121209,1
Uruguay,Yugoslavia,0.42857142857142855,0.42424242424242425,1.5535714285714286,1.6666666666666667,1
Uruguay,Argentina,0.42857142857142855,0.5308641975308642,1.5535714285714286,1.6913580246913582,1
Argentina,Sweden,0.5308641975308642,0.3725490196078432,1.6913580246913582,1.568627450980392,0
Austria,France,0.4137931034482759,0.5151515151515151,1.4827586206896552,1.818181818181818,1
Belgium,Germany,0.4166666666666667,0.6146788990825688,1.4166666666666667,2.073394495412844,0
Brazil,Spain,0.6697247706422018,0.4761904761904762,2.1009174311926606,1.5714285714285714,0
Czechoslovakia,Romania,0.36666666666666653,0.3809523809523809,1.4666666666666666,1.4285714285714286,1
Egypt,Hungary,0.0,0.46875,0.7142857142857143,2.71875,0
Italy,USA,0.5421686746987951,0.24242424242424246,1.5421686746987953,1.1212121212121209,1
Netherlands,Switzerland,0.54,0.32432432432432434,1.72,1.351351351351351,0
Austria,Hungary,0.4137931034482759,0.46875,1.4827586206896552,2.71875,1
Czechoslovakia,Switzerland,0.36666666666666653,0.32432432432432434,1.4666666666666666,1.351351351351351,1
Germany,Sweden,0.6146788990825688,0.3725490196078432,2.073394495412844,1.568627450980392,1
Italy,Spain,0.5421686746987951,0.4761904761904762,1.5421686746987953,1.5714285714285714,-1
Italy,Spain,0.5421686746987951,0.4761904761904762,1.5421686746987953,1.5714285714285714,1
Czechoslovakia,Germany,0.36666666666666653,0.6146788990825688,1.4666666666666666,2.073394495412844,1
Italy,Austria,0.5421686746987951,0.4137931034482759,1.5421686746987953,1.4827586206896552,1
Austria,Germany,0.4137931034482759,0.6146788990825688,1.4827586206896552,2.073394495412844,0
Italy,Czechoslovakia,0.5421686746987951,0.36666666666666653,1.5421686746987953,1.4666666666666666,1
Germany,Switzerland,0.6146788990825688,0.32432432432432434,2.073394495412844,1.351351351351351,-1
Brazil,Poland,0.6697247706422018,0.4705882352941176,2.1009174311926606,1.3529411764705883,1
Cuba,Romania,0.3333333333333333,0.3809523809523809,1.6666666666666667,1.4285714285714286,-1
Czechoslovakia,Netherlands,0.36666666666666653,0.54,1.4666666666666666,1.72,1
France,Belgium,0.5151515151515151,0.4166666666666667,1.818181818181818,1.4166666666666667,1
Hungary,Indonesia,0.46875,0.0,2.71875,0.0,1
Italy,Norway,0.5421686746987951,0.25,1.5421686746987953,0.875,1
Cuba,Romania,0.3333333333333333,0.3809523809523809,1.6666666666666667,1.4285714285714286,1
Germany,Switzerland,0.6146788990825688,0.32432432432432434,2.073394495412844,1.351351351351351,0
Brazil,Czechoslovakia,0.6697247706422018,0.36666666666666653,2.1009174311926606,1.4666666666666666,-1
Cuba,Sweden,0.3333333333333333,0.3725490196078432,1.6666666666666667,1.568627450980392,0
France,Italy,0.5151515151515151,0.5421686746987951,1.818181818181818,1.5421686746987953,0
Hungary,Switzerland,0.46875,0.32432432432432434,2.71875,1.351351351351351,1
Brazil,Czechoslovakia,0.6697247706422018,0.36666666666666653,2.1009174311926606,1.4666666666666666,1
Brazil,Italy,0.6697247706422018,0.5421686746987951,2.1009174311926606,1.5421686746987953,0
Hungary,Sweden,0.46875,0.3725490196078432,2.71875,1.568627450980392,1
Brazil,Sweden,0.6697247706422018,0.3725490196078432,2.1009174311926606,1.568627450980392,1
Hungary,Italy,0.46875,0.5421686746987951,2.71875,1.5421686746987953,0
Brazil,Mexico,0.6697247706422018,0.2807017543859649,2.1009174311926606,1.0526315789473684,1
Chile,England,0.3333333333333333,0.42028985507246375,1.2121212121212122,1.318840579710145,0
Italy,Sweden,0.5421686746987951,0.3725490196078432,1.5421686746987953,1.568627450980392,0
Spain,USA,0.4761904761904762,0.24242424242424246,1.5714285714285714,1.1212121212121209,1
Switzerland,Yugoslavia,0.32432432432432434,0.42424242424242425,1.351351351351351,1.6666666666666667,0
Brazil,Switzerland,0.6697247706422018,0.32432432432432434,2.1009174311926606,1.351351351351351,-1
Mexico,Yugoslavia,0.2807017543859649,0.42424242424242425,1.0526315789473684,1.6666666666666667,0
Chile,Spain,0.3333333333333333,0.4761904761904762,1.2121212121212122,1.5714285714285714,0
England,USA,0.42028985507246375,0.24242424242424246,1.318840579710145,1.1212121212121209,0
Paraguay,Sweden,0.25925925925925924,0.3725490196078432,1.1111111111111112,1.568627450980392,-1
Brazil,Yugoslavia,0.6697247706422018,0.42424242424242425,2.1009174311926606,1.6666666666666667,1
Bolivia,Uruguay,0.0,0.42857142857142855,0.16666666666666666,1.5535714285714286,0
Chile,USA,0.3333333333333333,0.24242424242424246,1.2121212121212122,1.1212121212121209,1
England,Spain,0.42028985507246375,0.4761904761904762,1.318840579710145,1.5714285714285714,0
Italy,Paraguay,0.5421686746987951,0.25925925925925924,1.5421686746987953,1.1111111111111112,1
Mexico,Switzerland,0.2807017543859649,0.32432432432432434,1.0526315789473684,1.351351351351351,0
Brazil,Sweden,0.6697247706422018,0.3725490196078432,2.1009174311926606,1.568627450980392,1
Spain,Uruguay,0.4761904761904762,0.42857142857142855,1.5714285714285714,1.5535714285714286,-1
Brazil,Spain,0.6697247706422018,0.4761904761904762,2.1009174311926606,1.5714285714285714,1
Sweden,Uruguay,0.3725490196078432,0.42857142857142855,1.568627450980392,1.5535714285714286,0
Brazil,Uruguay,0.6697247706422018,0.42857142857142855,2.1009174311926606,1.5535714285714286,0
Spain,Sweden,0.4761904761904762,0.3725490196078432,1.5714285714285714,1.568627450980392,0
Austria,Scotland,0.4137931034482759,0.17391304347826084,1.4827586206896552,1.0869565217391304,1
Brazil,Mexico,0.6697247706422018,0.2807017543859649,2.1009174311926606,1.0526315789473684,1
Czechoslovakia,Uruguay,0.36666666666666653,0.42857142857142855,1.4666666666666666,1.5535714285714286,0
France,Yugoslavia,0.5151515151515151,0.42424242424242425,1.818181818181818,1.6666666666666667,0
Belgium,England,0.4166666666666667,0.42028985507246375,1.4166666666666667,1.318840579710145,-1
Germany,Turkey,0.6146788990825688,0.5,2.073394495412844,2.0,1
Hungary,Korea Republic,0.46875,0.17647058823529413,2.71875,1.0,1
Switzerland,Italy,0.32432432432432434,0.5421686746987951,1.351351351351351,1.5421686746987953,1
Austria,Czechoslovakia,0.4137931034482759,0.36666666666666653,1.4827586206896552,1.4666666666666666,1
Brazil,Yugoslavia,0.6697247706422018,0.42424242424242425,2.1009174311926606,1.6666666666666667,-1
France,Mexico,0.5151515151515151,0.2807017543859649,1.818181818181818,1.0526315789473684,1
Scotland,Uruguay,0.17391304347826084,0.42857142857142855,1.0869565217391304,1.5535714285714286,0
Belgium,Italy,0.4166666666666667,0.5421686746987951,1.4166666666666667,1.5421686746987953,0
Germany,Hungary,0.6146788990825688,0.46875,2.073394495412844,2.71875,0
Korea Republic,Turkey,0.17647058823529413,0.5,1.0,2.0,0
Switzerland,England,0.32432432432432434,0.42028985507246375,1.351351351351351,1.318840579710145,0
Germany,Turkey,0.6146788990825688,0.5,2.073394495412844,2.0,1
Switzerland,Italy,0.32432432432432434,0.5421686746987951,1.351351351351351,1.5421686746987953,1
England,Uruguay,0.42028985507246375,0.42857142857142855,1.318840579710145,1.5535714285714286,0
Switzerland,Austria,0.32432432432432434,0.4137931034482759,1.351351351351351,1.4827586206896552,0
Brazil,Hungary,0.6697247706422018,0.46875,2.1009174311926606,2.71875,0
Germany,Yugoslavia,0.6146788990825688,0.42424242424242425,2.073394495412844,1.6666666666666667,1
Austria,Germany,0.4137931034482759,0.6146788990825688,1.4827586206896552,2.073394495412844,0
Hungary,Uruguay,0.46875,0.42857142857142855,2.71875,1.5535714285714286,1
Austria,Uruguay,0.4137931034482759,0.42857142857142855,1.4827586206896552,1.5535714285714286,1
Germany,Hungary,0.6146788990825688,0.46875,2.073394495412844,2.71875,1
Argentina,Germany,0.5308641975308642,0.6146788990825688,1.6913580246913582,2.073394495412844,0
Austria,Brazil,0.4137931034482759,0.6697247706422018,1.4827586206896552,2.1009174311926606,0
Czechoslovakia,Northern Ireland,0.36666666666666653,0.2307692307692308,1.4666666666666666,1.0,0
England,Russia,0.42028985507246375,0.4222222222222222,1.318840579710145,1.7111111111111108,-1
France,Paraguay,0.5151515151515151,0.25925925925925924,1.818181818181818,1.1111111111111112,1
Hungary,Wales,0.46875,0.2,2.71875,0.8,-1
Scotland,Yugoslavia,0.17391304347826084,0.42424242424242425,1.0869565217391304,1.6666666666666667,-1
Sweden,Mexico,0.3725490196078432,0.2807017543859649,1.568627450980392,1.0526315789473684,1
Argentina,Northern Ireland,0.5308641975308642,0.2307692307692308,1.6913580246913582,1.0,1
Austria,Russia,0.4137931034482759,0.4222222222222222,1.4827586206896552,1.7111111111111108,0
Brazil,England,0.6697247706422018,0.42028985507246375,2.1009174311926606,1.318840579710145,-1
Czechoslovakia,Germany,0.36666666666666653,0.6146788990825688,1.4666666666666666,2.073394495412844,-1
France,Yugoslavia,0.5151515151515151,0.42424242424242425,1.818181818181818,1.6666666666666667,0
Mexico,Wales,0.2807017543859649,0.2,1.0526315789473684,0.8,-1
Paraguay,Scotland,0.25925925925925924,0.17391304347826084,1.1111111111111112,1.0869565217391304,1
Sweden,Hungary,0.3725490196078432,0.46875,1.568627450980392,2.71875,1
Argentina,Czechoslovakia,0.5308641975308642,0.36666666666666653,1.6913580246913582,1.4666666666666666,0
Austria,England,0.4137931034482759,0.42028985507246375,1.4827586206896552,1.318840579710145,-1
Brazil,Russia,0.6697247706422018,0.4222222222222222,2.1009174311926606,1.7111111111111108,1
France,Scotland,0.5151515151515151,0.17391304347826084,1.818181818181818,1.0869565217391304,1
Germany,Northern Ireland,0.6146788990825688,0.2307692307692308,2.073394495412844,1.0,-1
Hungary,Mexico,0.46875,0.2807017543859649,2.71875,1.0526315789473684,1
Paraguay,Yugoslavia,0.25925925925925924,0.42424242424242425,1.1111111111111112,1.6666666666666667,-1
Sweden,Wales,0.3725490196078432,0.2,1.568627450980392,0.8,-1
Czechoslovakia,Northern Ireland,0.36666666666666653,0.2307692307692308,1.4666666666666666,1.0,0
England,Russia,0.42028985507246375,0.4222222222222222,1.318840579710145,1.7111111111111108,0
Hungary,Wales,0.46875,0.2,2.71875,0.8,0
Brazil,Wales,0.6697247706422018,0.2,2.1009174311926606,0.8,1
France,Northern Ireland,0.5151515151515151,0.2307692307692308,1.818181818181818,1.0,1
Germany,Yugoslavia,0.6146788990825688,0.42424242424242425,2.073394495412844,1.6666666666666667,1
Sweden,Russia,0.3725490196078432,0.4222222222222222,1.568627450980392,1.7111111111111108,1
Brazil,France,0.6697247706422018,0.5151515151515151,2.1009174311926606,1.818181818181818,1
Sweden,Germany,0.3725490196078432,0.6146788990825688,1.568627450980392,2.073394495412844,1
France,Germany,0.5151515151515151,0.6146788990825688,1.818181818181818,2.073394495412844,1
Sweden,Brazil,0.3725490196078432,0.6697247706422018,1.568627450980392,2.1009174311926606,0
Argentina,Bulgaria,0.5308641975308642,0.1153846153846154,1.6913580246913582,0.8461538461538461,1
Brazil,Mexico,0.6697247706422018,0.2807017543859649,2.1009174311926606,1.0526315789473684,1
Chile,Switzerland,0.3333333333333333,0.32432432432432434,1.2121212121212122,1.351351351351351,1
Colombia,Uruguay,0.4090909090909091,0.42857142857142855,1.4545454545454546,1.5535714285714286,0
Czechoslovakia,Spain,0.36666666666666653,0.4761904761904762,1.4666666666666666,1.5714285714285714,1
England,Hungary,0.42028985507246375,0.46875,1.318840579710145,2.71875,0
Germany,Italy,0.6146788990825688,0.5421686746987951,2.073394495412844,1.5421686746987953,-1
Russia,Yugoslavia,0.4222222222222222,0.42424242424242425,1.7111111111111108,1.6666666666666667,1
Argentina,England,0.5308641975308642,0.42028985507246375,1.6913580246913582,1.318840579710145,0
Brazil,Czechoslovakia,0.6697247706422018,0.36666666666666653,2.1009174311926606,1.4666666666666666,-1
Chile,Italy,0.3333333333333333,0.5421686746987951,1.2121212121212122,1.5421686746987953,1
Uruguay,Yugoslavia,0.42857142857142855,0.42424242424242425,1.5535714285714286,1.6666666666666667,0
Bulgaria,Hungary,0.1153846153846154,0.46875,0.8461538461538461,2.71875,0
Colombia,Russia,0.4090909090909091,0.4222222222222222,1.4545454545454546,1.7111111111111108,-1
Germany,Switzerland,0.6146788990825688,0.32432432432432434,2.073394495412844,1.351351351351351,1
Mexico,Spain,0.2807017543859649,0.4761904761904762,1.0526315789473684,1.5714285714285714,0
Argentina,Hungary,0.5308641975308642,0.46875,1.6913580246913582,2.71875,-1
Brazil,Spain,0.6697247706422018,0.4761904761904762,2.1009174311926606,1.5714285714285714,1
Chile,Germany,0.3333333333333333,0.6146788990825688,1.2121212121212122,2.073394495412844,0
Russia,Uruguay,0.4222222222222222,0.42857142857142855,1.7111111111111108,1.5535714285714286,1
Bulgaria,England,0.1153846153846154,0.42028985507246375,0.8461538461538461,1.318840579710145,-1
Colombia,Yugoslavia,0.4090909090909091,0.42424242424242425,1.4545454545454546,1.6666666666666667,0
Czechoslovakia,Mexico,0.36666666666666653,0.2807017543859649,1.4666666666666666,1.0526315789473684,0
Italy,Switzerland,0.5421686746987951,0.32432432432432434,1.5421686746987953,1.351351351351351,1
Brazil,England,0.6697247706422018,0.42028985507246375,2.1009174311926606,1.318840579710145,1
Chile,Russia,0.3333333333333333,0.4222222222222222,1.2121212121212122,1.7111111111111108,1
Czechoslovakia,Hungary,0.36666666666666653,0.46875,1.4666666666666666,2.71875,1
Germany,Yugoslavia,0.6146788990825688,0.42424242424242425,2.073394495412844,1.6666666666666667,0
Chile,Brazil,0.3333333333333333,0.6697247706422018,1.2121212121212122,2.1009174311926606,0
Czechoslovakia,Yugoslavia,0.36666666666666653,0.42424242424242425,1.4666666666666666,1.6666666666666667,1
Chile,Yugoslavia,0.3333333333333333,0.42424242424242425,1.2121212121212122,1.6666666666666667,1
Brazil,Czechoslovakia,0.6697247706422018,0.36666666666666653,2.1009174311926606,1.4666666666666666,1
England,Uruguay,0.42028985507246375,0.42857142857142855,1.318840579710145,1.5535714285714286,-1
Brazil,Bulgaria,0.6697247706422018,0.1153846153846154,2.1009174311926606,0.8461538461538461,1
Germany,Switzerland,0.6146788990825688,0.32432432432432434,2.073394495412844,1.351351351351351,1
Korea DPR,Russia,0.14285714285714285,0.4222222222222222,0.8571428571428571,1.7111111111111108,0
Argentina,Spain,0.5308641975308642,0.4761904761904762,1.6913580246913582,1.5714285714285714,1
Chile,Italy,0.3333333333333333,0.5421686746987951,1.2121212121212122,1.5421686746987953,0
France,Mexico,0.5151515151515151,0.2807017543859649,1.818181818181818,1.0526315789473684,-1
Hungary,Portugal,0.46875,0.4666666666666667,2.71875,1.6333333333333333,0
Brazil,Hungary,0.6697247706422018,0.46875,2.1009174311926606,2.71875,0
Chile,Korea DPR,0.3333333333333333,0.14285714285714285,1.2121212121212122,0.8571428571428571,-1
France,Uruguay,0.5151515151515151,0.42857142857142855,1.818181818181818,1.5535714285714286,0
Spain,Switzerland,0.4761904761904762,0.32432432432432434,1.5714285714285714,1.351351351351351,1
Argentina,Germany,0.5308641975308642,0.6146788990825688,1.6913580246913582,2.073394495412844,-1
Bulgaria,Portugal,0.1153846153846154,0.4666666666666667,0.8461538461538461,1.6333333333333333,0
England,Mexico,0.42028985507246375,0.2807017543859649,1.318840579710145,1.0526315789473684,1
Italy,Russia,0.5421686746987951,0.4222222222222222,1.5421686746987953,1.7111111111111108,0
Argentina,Switzerland,0.5308641975308642,0.32432432432432434,1.6913580246913582,1.351351351351351,1
Brazil,Portugal,0.6697247706422018,0.4666666666666667,2.1009174311926606,1.6333333333333333,0
Italy,Korea DPR,0.5421686746987951,0.14285714285714285,1.5421686746987953,0.8571428571428571,0
Mexico,Uruguay,0.2807017543859649,0.42857142857142855,1.0526315789473684,1.5535714285714286,-1
Bulgaria,Hungary,0.1153846153846154,0.46875,0.8461538461538461,2.71875,0
Chile,Russia,0.3333333333333333,0.4222222222222222,1.2121212121212122,1.7111111111111108,0
England,France,0.42028985507246375,0.5151515151515151,1.318840579710145,1.818181818181818,1
Germany,Spain,0.6146788990825688,0.4761904761904762,2.073394495412844,1.5714285714285714,1
England,Argentina,0.42028985507246375,0.5308641975308642,1.318840579710145,1.6913580246913582,1
Germany,Uruguay,0.6146788990825688,0.42857142857142855,2.073394495412844,1.5535714285714286,1
Hungary,Russia,0.46875,0.4222222222222222,2.71875,1.7111111111111108,0
Korea DPR,Portugal,0.14285714285714285,0.4666666666666667,0.8571428571428571,1.6333333333333333,0
Germany,Russia,0.6146788990825688,0.4222222222222222,2.073394495412844,1.7111111111111108,1
England,Portugal,0.42028985507246375,0.4666666666666667,1.318840579710145,1.6333333333333333,1
Portugal,Russia,0.4666666666666667,0.4222222222222222,1.6333333333333333,1.7111111111111108,1
England,Germany,0.42028985507246375,0.6146788990825688,1.318840579710145,2.073394495412844,1
Mexico,Russia,0.2807017543859649,0.4222222222222222,1.0526315789473684,1.7111111111111108,-1
Bulgaria,Peru,0.1153846153846154,0.2777777777777778,0.8461538461538461,1.1666666666666667,0
England,Romania,0.42028985507246375,0.3809523809523809,1.318840579710145,1.4285714285714286,1
Israel,Uruguay,0.0,0.42857142857142855,0.3333333333333333,1.5535714285714286,0
Belgium,El Salvador,0.4166666666666667,0.0,1.4166666666666667,0.16666666666666666,1
Brazil,Czechoslovakia,0.6697247706422018,0.36666666666666653,2.1009174311926606,1.4666666666666666,1
Germany,Morocco,0.6146788990825688,0.125,2.073394495412844,0.875,1
Italy,Sweden,0.5421686746987951,0.3725490196078432,1.5421686746987953,1.568627450980392,1
Belgium,Russia,0.4166666666666667,0.4222222222222222,1.4166666666666667,1.7111111111111108,0
Czechoslovakia,Romania,0.36666666666666653,0.3809523809523809,1.4666666666666666,1.4285714285714286,0
Italy,Uruguay,0.5421686746987951,0.42857142857142855,1.5421686746987953,1.5535714285714286,-1
Morocco,Peru,0.125,0.2777777777777778,0.875,1.1666666666666667,0
Brazil,England,0.6697247706422018,0.42028985507246375,2.1009174311926606,1.318840579710145,1
Bulgaria,Germany,0.1153846153846154,0.6146788990825688,0.8461538461538461,2.073394495412844,0
Israel,Sweden,0.0,0.3725490196078432,0.3333333333333333,1.568627450980392,-1
Mexico,El Salvador,0.2807017543859649,0.0,1.0526315789473684,0.16666666666666666,1
Brazil,Romania,0.6697247706422018,0.3809523809523809,2.1009174311926606,1.4285714285714286,1
El Salvador,Russia,0.0,0.4222222222222222,0.16666666666666666,1.7111111111111108,0
Germany,Peru,0.6146788990825688,0.2777777777777778,2.073394495412844,1.1666666666666667,1
Sweden,Uruguay,0.3725490196078432,0.42857142857142855,1.568627450980392,1.5535714285714286,1
Bulgaria,Morocco,0.1153846153846154,0.125,0.8461538461538461,0.875,-1
Czechoslovakia,England,0.36666666666666653,0.42028985507246375,1.4666666666666666,1.318840579710145,0
Israel,Italy,0.0,0.5421686746987951,0.3333333333333333,1.5421686746987953,-1
Mexico,Belgium,0.2807017543859649,0.4166666666666667,1.0526315789473684,1.4166666666666667,1
Brazil,Peru,0.6697247706422018,0.2777777777777778,2.1009174311926606,1.1666666666666667,1
England,Germany,0.42028985507246375,0.6146788990825688,1.318840579710145,2.073394495412844,0
Mexico,Italy,0.2807017543859649,0.5421686746987951,1.0526315789473684,1.5421686746987953,0
Russia,Uruguay,0.4222222222222222,0.42857142857142855,1.7111111111111108,1.5535714285714286,0
Brazil,Uruguay,0.6697247706422018,0.42857142857142855,2.1009174311926606,1.5535714285714286,1
Germany,Italy,0.6146788990825688,0.5421686746987951,2.073394495412844,1.5421686746987953,0
Germany,Uruguay,0.6146788990825688,0.42857142857142855,2.073394495412844,1.5535714285714286,1
Brazil,Italy,0.6697247706422018,0.5421686746987951,2.1009174311926606,1.5421686746987953,1
Brazil,Yugoslavia,0.6697247706422018,0.42424242424242425,2.1009174311926606,1.6666666666666667,-1
Congo DR,Scotland,0.0,0.17391304347826084,0.0,1.0869565217391304,0
German DR,Australia,0.3333333333333333,0.125,0.8333333333333334,0.8125,1
Germany,Chile,0.6146788990825688,0.3333333333333333,2.073394495412844,1.2121212121212122,1
Italy,Haiti,0.5421686746987951,0.0,1.5421686746987953,0.6666666666666666,1
Poland,Argentina,0.4705882352941176,0.5308641975308642,1.3529411764705883,1.6913580246913582,1
Sweden,Bulgaria,0.3725490196078432,0.1153846153846154,1.568627450980392,0.8461538461538461,-1
Uruguay,Netherlands,0.42857142857142855,0.54,1.5535714285714286,1.72,0
Chile,German DR,0.3333333333333333,0.3333333333333333,1.2121212121212122,0.8333333333333334,-1
Germany,Australia,0.6146788990825688,0.125,2.073394495412844,0.8125,1
Scotland,Brazil,0.17391304347826084,0.6697247706422018,1.0869565217391304,2.1009174311926606,-1
Yugoslavia,Congo DR,0.42424242424242425,0.0,1.6666666666666667,0.0,1
Argentina,Italy,0.5308641975308642,0.5421686746987951,1.6913580246913582,1.5421686746987953,-1
Bulgaria,Uruguay,0.1153846153846154,0.42857142857142855,0.8461538461538461,1.5535714285714286,-1
Haiti,Poland,0.0,0.4705882352941176,0.6666666666666666,1.3529411764705883,0
Netherlands,Sweden,0.54,0.3725490196078432,1.72,1.568627450980392,-1
Australia,Chile,0.125,0.3333333333333333,0.8125,1.2121212121212122,-1
Congo DR,Brazil,0.0,0.6697247706422018,0.0,2.1009174311926606,0
Germany,German DR,0.6146788990825688,0.3333333333333333,2.073394495412844,0.8333333333333334,0
Scotland,Yugoslavia,0.17391304347826084,0.42424242424242425,1.0869565217391304,1.6666666666666667,-1
Argentina,Haiti,0.5308641975308642,0.0,1.6913580246913582,0.6666666666666666,1
Bulgaria,Netherlands,0.1153846153846154,0.54,0.8461538461538461,1.72,0
Poland,Italy,0.4705882352941176,0.5421686746987951,1.3529411764705883,1.5421686746987953,1
Sweden,Uruguay,0.3725490196078432,0.42857142857142855,1.568627450980392,1.5535714285714286,1
Brazil,German DR,0.6697247706422018,0.3333333333333333,2.1009174311926606,0.8333333333333334,1
Germany,Yugoslavia,0.6146788990825688,0.42424242424242425,2.073394495412844,1.6666666666666667,1
Netherlands,Argentina,0.54,0.5308641975308642,1.72,1.6913580246913582,1
Sweden,Poland,0.3725490196078432,0.4705882352941176,1.568627450980392,1.3529411764705883,0
Argentina,Brazil,0.5308641975308642,0.6697247706422018,1.6913580246913582,2.1009174311926606,0
German DR,Netherlands,0.3333333333333333,0.54,0.8333333333333334,1.72,0
Germany,Sweden,0.6146788990825688,0.3725490196078432,2.073394495412844,1.568627450980392,1
Poland,Yugoslavia,0.4705882352941176,0.42424242424242425,1.3529411764705883,1.6666666666666667,1
Argentina,German DR,0.5308641975308642,0.3333333333333333,1.6913580246913582,0.8333333333333334,-1
Germany,Poland,0.6146788990825688,0.4705882352941176,2.073394495412844,1.3529411764705883,1
Netherlands,Brazil,0.54,0.6697247706422018,1.72,2.1009174311926606,1
Sweden,Yugoslavia,0.3725490196078432,0.42424242424242425,1.568627450980392,1.6666666666666667,1
Brazil,Poland,0.6697247706422018,0.4705882352941176,2.1009174311926606,1.3529411764705883,0
Germany,Netherlands,0.6146788990825688,0.54,2.073394495412844,1.72,1
Germany,Poland,0.6146788990825688,0.4705882352941176,2.073394495412844,1.3529411764705883,-1
Argentina,Hungary,0.5308641975308642,0.46875,1.6913580246913582,2.71875,1
France,Italy,0.5151515151515151,0.5421686746987951,1.818181818181818,1.5421686746987953,0
Mexico,Tunisia,0.2807017543859649,0.13333333333333333,1.0526315789473684,0.8666666666666667,0
Austria,Spain,0.4137931034482759,0.4761904761904762,1.4827586206896552,1.5714285714285714,1
Brazil,Sweden,0.6697247706422018,0.3725490196078432,2.1009174311926606,1.568627450980392,-1
Iran,Netherlands,0.13333333333333333,0.54,0.6,1.72,0
Peru,Scotland,0.2777777777777778,0.17391304347826084,1.1666666666666667,1.0869565217391304,1
Argentina,France,0.5308641975308642,0.5151515151515151,1.6913580246913582,1.818181818181818,1
Germany,Mexico,0.6146788990825688,0.2807017543859649,2.073394495412844,1.0526315789473684,1
Hungary,Italy,0.46875,0.5421686746987951,2.71875,1.5421686746987953,0
Poland,Tunisia,0.4705882352941176,0.13333333333333333,1.3529411764705883,0.8666666666666667,1
Austria,Sweden,0.4137931034482759,0.3725490196078432,1.4827586206896552,1.568627450980392,1
Brazil,Spain,0.6697247706422018,0.4761904761904762,2.1009174311926606,1.5714285714285714,-1
Iran,Scotland,0.13333333333333333,0.17391304347826084,0.6,1.0869565217391304,-1
Netherlands,Peru,0.54,0.2777777777777778,1.72,1.1666666666666667,-1
Argentina,Italy,0.5308641975308642,0.5421686746987951,1.6913580246913582,1.5421686746987953,0
France,Hungary,0.5151515151515151,0.46875,1.818181818181818,2.71875,1
Germany,Tunisia,0.6146788990825688,0.13333333333333333,2.073394495412844,0.8666666666666667,-1
Mexico,Poland,0.2807017543859649,0.4705882352941176,1.0526315789473684,1.3529411764705883,0
Austria,Brazil,0.4137931034482759,0.6697247706422018,1.4827586206896552,2.1009174311926606,0
Iran,Peru,0.13333333333333333,0.2777777777777778,0.6,1.1666666666666667,0
Netherlands,Scotland,0.54,0.17391304347826084,1.72,1.0869565217391304,0
Spain,Sweden,0.4761904761904762,0.3725490196078432,1.5714285714285714,1.568627450980392,1
Argentina,Poland,0.5308641975308642,0.4705882352941176,1.6913580246913582,1.3529411764705883,1
Austria,Netherlands,0.4137931034482759,0.54,1.4827586206896552,1.72,0
Brazil,Peru,0.6697247706422018,0.2777777777777778,2.1009174311926606,1.1666666666666667,1
Germany,Italy,0.6146788990825688,0.5421686746987951,2.073394495412844,1.5421686746987953,-1
Argentina,Brazil,0.5308641975308642,0.6697247706422018,1.6913580246913582,2.1009174311926606,-1
Austria,Italy,0.4137931034482759,0.5421686746987951,1.4827586206896552,1.5421686746987953,0
Germany,Netherlands,0.6146788990825688,0.54,2.073394495412844,1.72,-1
Peru,Poland,0.2777777777777778,0.4705882352941176,1.1666666666666667,1.3529411764705883,0
Argentina,Peru,0.5308641975308642,0.2777777777777778,1.6913580246913582,1.1666666666666667,1
Austria,Germany,0.4137931034482759,0.6146788990825688,1.4827586206896552,2.073394495412844,1
Brazil,Poland,0.6697247706422018,0.4705882352941176,2.1009174311926606,1.3529411764705883,1
Italy,Netherlands,0.5421686746987951,0.54,1.5421686746987953,1.72,0
Brazil,Italy,0.6697247706422018,0.5421686746987951,2.1009174311926606,1.5421686746987953,1
Argentina,Netherlands,0.5308641975308642,0.54,1.6913580246913582,1.72,1
Argentina,Belgium,0.5308641975308642,0.4166666666666667,1.6913580246913582,1.4166666666666667,0
Brazil,Russia,0.6697247706422018,0.4222222222222222,2.1009174311926606,1.7111111111111108,1
Italy,Poland,0.5421686746987951,0.4705882352941176,1.5421686746987953,1.3529411764705883,-1
Hungary,El Salvador,0.46875,0.0,2.71875,0.16666666666666666,1
Peru,Cameroon,0.2777777777777778,0.17391304347826084,1.1666666666666667,0.7826086956521741,-1
Scotland,New Zealand,0.17391304347826084,0.0,1.0869565217391304,0.6666666666666666,1
England,France,0.42028985507246375,0.5151515151515151,1.318840579710145,1.818181818181818,1
Germany,Algeria,0.6146788990825688,0.2307692307692308,2.073394495412844,1.0,0
Spain,Honduras,0.4761904761904762,0.0,1.5714285714285714,0.3333333333333333,-1
Chile,Austria,0.3333333333333333,0.4137931034482759,1.2121212121212122,1.4827586206896552,0
Czechoslovakia,Kuwait,0.36666666666666653,0.0,1.4666666666666666,0.6666666666666666,-1
Yugoslavia,Northern Ireland,0.42424242424242425,0.2307692307692308,1.6666666666666667,1.0,-1
Argentina,Hungary,0.5308641975308642,0.46875,1.6913580246913582,2.71875,1
Brazil,Scotland,0.6697247706422018,0.17391304347826084,2.1009174311926606,1.0869565217391304,1
Italy,Peru,0.5421686746987951,0.2777777777777778,1.5421686746987953,1.1666666666666667,-1
Belgium,El Salvador,0.4166666666666667,0.0,1.4166666666666667,0.16666666666666666,1
Poland,Cameroon,0.4705882352941176,0.17391304347826084,1.3529411764705883,0.7826086956521741,-1
Russia,New Zealand,0.4222222222222222,0.0,1.7111111111111108,0.6666666666666666,1
England,Czechoslovakia,0.42028985507246375,0.36666666666666653,1.318840579710145,1.4666666666666666,1
Germany,Chile,0.6146788990825688,0.3333333333333333,2.073394495412844,1.2121212121212122,1
Spain,Yugoslavia,0.4761904761904762,0.42424242424242425,1.5714285714285714,1.6666666666666667,1
Algeria,Austria,0.2307692307692308,0.4137931034482759,1.0,1.4827586206896552,0
France,Kuwait,0.5151515151515151,0.0,1.818181818181818,0.6666666666666666,1
Honduras,Northern Ireland,0.0,0.2307692307692308,0.3333333333333333,1.0,-1
Belgium,Hungary,0.4166666666666667,0.46875,1.4166666666666667,2.71875,-1
Poland,Peru,0.4705882352941176,0.2777777777777778,1.3529411764705883,1.1666666666666667,1
Russia,Scotland,0.4222222222222222,0.17391304347826084,1.7111111111111108,1.0869565217391304,-1
Argentina,El Salvador,0.5308641975308642,0.0,1.6913580246913582,0.16666666666666666,1
Brazil,New Zealand,0.6697247706422018,0.0,2.1009174311926606,0.6666666666666666,1
Italy,Cameroon,0.5421686746987951,0.17391304347826084,1.5421686746987953,0.7826086956521741,-1
Algeria,Chile,0.2307692307692308,0.3333333333333333,1.0,1.2121212121212122,1
France,Czechoslovakia,0.5151515151515151,0.36666666666666653,1.818181818181818,1.4666666666666666,-1
Honduras,Yugoslavia,0.0,0.42424242424242425,0.3333333333333333,1.6666666666666667,0
England,Kuwait,0.42028985507246375,0.0,1.318840579710145,0.6666666666666666,1
Germany,Austria,0.6146788990825688,0.4137931034482759,2.073394495412844,1.4827586206896552,1
Spain,Northern Ireland,0.4761904761904762,0.2307692307692308,1.5714285714285714,1.0,0
Austria,France,0.4137931034482759,0.5151515151515151,1.4827586206896552,1.818181818181818,0
Poland,Belgium,0.4705882352941176,0.4166666666666667,1.3529411764705883,1.4166666666666667,1
Germany,England,0.6146788990825688,0.42028985507246375,2.073394495412844,1.318840579710145,-1
Italy,Argentina,0.5421686746987951,0.5308641975308642,1.5421686746987953,1.6913580246913582,1
Austria,Northern Ireland,0.4137931034482759,0.2307692307692308,1.4827586206896552,1.0,-1
Belgium,Russia,0.4166666666666667,0.4222222222222222,1.4166666666666667,1.7111111111111108,0
Argentina,Brazil,0.5308641975308642,0.6697247706422018,1.6913580246913582,2.1009174311926606,0
Spain,Germany,0.4761904761904762,0.6146788990825688,1.5714285714285714,2.073394495412844,0
France,Northern Ireland,0.5151515151515151,0.2307692307692308,1.818181818181818,1.0,1
Poland,Russia,0.4705882352941176,0.4222222222222222,1.3529411764705883,1.7111111111111108,-1
Italy,Brazil,0.5421686746987951,0.6697247706422018,1.5421686746987953,2.1009174311926606,1
Spain,England,0.4761904761904762,0.42028985507246375,1.5714285714285714,1.318840579710145,-1
Germany,France,0.6146788990825688,0.5151515151515151,2.073394495412844,1.818181818181818,-1
Poland,Italy,0.4705882352941176,0.5421686746987951,1.3529411764705883,1.5421686746987953,0
Poland,France,0.4705882352941176,0.5151515151515151,1.3529411764705883,1.818181818181818,1
Italy,Germany,0.5421686746987951,0.6146788990825688,1.5421686746987953,2.073394495412844,1
Bulgaria,Italy,0.1153846153846154,0.5421686746987951,0.8461538461538461,1.5421686746987953,-1
Canada,France,0.0,0.5151515151515151,0.0,1.818181818181818,0
Spain,Brazil,0.4761904761904762,0.6697247706422018,1.5714285714285714,2.1009174311926606,0
Argentina,Korea Republic,0.5308641975308642,0.17647058823529413,1.6913580246913582,1.0,1
Morocco,Poland,0.125,0.4705882352941176,0.875,1.3529411764705883,-1
Russia,Hungary,0.4222222222222222,0.46875,1.7111111111111108,2.71875,1
Algeria,Northern Ireland,0.2307692307692308,0.2307692307692308,1.0,1.0,-1
Mexico,Belgium,0.2807017543859649,0.4166666666666667,1.0526315789473684,1.4166666666666667,1
Portugal,England,0.4666666666666667,0.42028985507246375,1.6333333333333333,1.318840579710145,1
Paraguay,Iraq,0.25925925925925924,0.0,1.1111111111111112,0.3333333333333333,1
Scotland,Denmark,0.17391304347826084,0.45,1.0869565217391304,1.5,0
Uruguay,Germany,0.42857142857142855,0.6146788990825688,1.5535714285714286,2.073394495412844,-1
France,Russia,0.5151515151515151,0.4222222222222222,1.818181818181818,1.7111111111111108,-1
Italy,Argentina,0.5421686746987951,0.5308641975308642,1.5421686746987953,1.6913580246913582,-1
Korea Republic,Bulgaria,0.17647058823529413,0.1153846153846154,1.0,0.8461538461538461,-1
Brazil,Algeria,0.6697247706422018,0.2307692307692308,2.1009174311926606,1.0,1
England,Morocco,0.42028985507246375,0.125,1.318840579710145,0.875,-1
Hungary,Canada,0.46875,0.0,2.71875,0.0,1
Mexico,Paraguay,0.2807017543859649,0.25925925925925924,1.0526315789473684,1.1111111111111112,-1
Northern Ireland,Spain,0.2307692307692308,0.4761904761904762,1.0,1.5714285714285714,0
Poland,Portugal,0.4705882352941176,0.4666666666666667,1.3529411764705883,1.6333333333333333,1
Denmark,Uruguay,0.45,0.42857142857142855,1.5,1.5535714285714286,1
Germany,Scotland,0.6146788990825688,0.17391304347826084,2.073394495412844,1.0869565217391304,1
Iraq,Belgium,0.0,0.4166666666666667,0.3333333333333333,1.4166666666666667,0
Hungary,France,0.46875,0.5151515151515151,2.71875,1.818181818181818,0
Russia,Canada,0.4222222222222222,0.0,1.7111111111111108,0.0,1
Argentina,Bulgaria,0.5308641975308642,0.1153846153846154,1.6913580246913582,0.8461538461538461,1
Korea Republic,Italy,0.17647058823529413,0.5421686746987951,1.0,1.5421686746987953,0
England,Poland,0.42028985507246375,0.4705882352941176,1.318840579710145,1.3529411764705883,1
Mexico,Iraq,0.2807017543859649,0.0,1.0526315789473684,0.3333333333333333,1
Paraguay,Belgium,0.25925925925925924,0.4166666666666667,1.1111111111111112,1.4166666666666667,-1
Portugal,Morocco,0.4666666666666667,0.125,1.6333333333333333,0.875,0
Algeria,Spain,0.2307692307692308,0.4761904761904762,1.0,1.5714285714285714,0
Northern Ireland,Brazil,0.2307692307692308,0.6697247706422018,1.0,2.1009174311926606,0
Denmark,Germany,0.45,0.6146788990825688,1.5,2.073394495412844,1
Scotland,Uruguay,0.17391304347826084,0.42857142857142855,1.0869565217391304,1.5535714285714286,-1
Mexico,Bulgaria,0.2807017543859649,0.1153846153846154,1.0526315789473684,0.8461538461538461,1
Russia,Belgium,0.4222222222222222,0.4166666666666667,1.7111111111111108,1.4166666666666667,0
Argentina,Uruguay,0.5308641975308642,0.42857142857142855,1.6913580246913582,1.5535714285714286,1
Brazil,Poland,0.6697247706422018,0.4705882352941176,2.1009174311926606,1.3529411764705883,1
Italy,France,0.5421686746987951,0.5151515151515151,1.5421686746987953,1.818181818181818,0
Morocco,Germany,0.125,0.6146788990825688,0.875,2.073394495412844,0
Denmark,Spain,0.45,0.4761904761904762,1.5,1.5714285714285714,0
England,Paraguay,0.42028985507246375,0.25925925925925924,1.318840579710145,1.1111111111111112,1
Brazil,France,0.6697247706422018,0.5151515151515151,2.1009174311926606,1.818181818181818,-1
Mexico,Germany,0.2807017543859649,0.6146788990825688,1.0526315789473684,2.073394495412844,-1
Argentina,England,0.5308641975308642,0.42028985507246375,1.6913580246913582,1.318840579710145,1
Spain,Belgium,0.4761904761904762,0.4166666666666667,1.5714285714285714,1.4166666666666667,-1
Argentina,Belgium,0.5308641975308642,0.4166666666666667,1.6913580246913582,1.4166666666666667,1
France,Germany,0.5151515151515151,0.6146788990825688,1.818181818181818,2.073394495412844,0
France,Belgium,0.5151515151515151,0.4166666666666667,1.818181818181818,1.4166666666666667,1
Argentina,Germany,0.5308641975308642,0.6146788990825688,1.6913580246913582,2.073394495412844,1
Argentina,Cameroon,0.5308641975308642,0.17391304347826084,1.6913580246913582,0.7826086956521741,0
Italy,Austria,0.5421686746987951,0.4137931034482759,1.5421686746987953,1.4827586206896552,1
Russia,Romania,0.4222222222222222,0.3809523809523809,1.7111111111111108,1.4285714285714286,0
United Arab Emirates,Colombia,0.0,0.4090909090909091,0.6666666666666666,1.4545454545454546,0
Brazil,Sweden,0.6697247706422018,0.3725490196078432,2.1009174311926606,1.568627450980392,1
Germany,Yugoslavia,0.6146788990825688,0.42424242424242425,2.073394495412844,1.6666666666666667,1
USA,Czechoslovakia,0.24242424242424246,0.36666666666666653,1.1212121212121209,1.4666666666666666,0
Costa Rica,Scotland,0.2777777777777778,0.17391304347826084,1.0555555555555556,1.0869565217391304,1
England,Ireland,0.42028985507246375,0.15384615384615385,1.318840579710145,0.7692307692307693,-1
Belgium,Korea Republic,0.4166666666666667,0.17647058823529413,1.4166666666666667,1.0,1
Netherlands,Egypt,0.54,0.0,1.72,0.7142857142857143,-1
Argentina,Russia,0.5308641975308642,0.4222222222222222,1.6913580246913582,1.7111111111111108,1
Uruguay,Spain,0.42857142857142855,0.4761904761904762,1.5535714285714286,1.5714285714285714,-1
Cameroon,Romania,0.17391304347826084,0.3809523809523809,0.7826086956521741,1.4285714285714286,1
Italy,USA,0.5421686746987951,0.24242424242424246,1.5421686746987953,1.1212121212121209,1
Yugoslavia,Colombia,0.42424242424242425,0.4090909090909091,1.6666666666666667,1.4545454545454546,1
Austria,Czechoslovakia,0.4137931034482759,0.36666666666666653,1.4827586206896552,1.4666666666666666,0
Germany,United Arab Emirates,0.6146788990825688,0.0,2.073394495412844,0.6666666666666666,1
Brazil,Costa Rica,0.6697247706422018,0.2777777777777778,2.1009174311926606,1.0555555555555556,1
England,Netherlands,0.42028985507246375,0.54,1.318840579710145,1.72,-1
Sweden,Scotland,0.3725490196078432,0.17391304347826084,1.568627450980392,1.0869565217391304,0
Belgium,Uruguay,0.4166666666666667,0.42857142857142855,1.4166666666666667,1.5535714285714286,1
Ireland,Egypt,0.15384615384615385,0.0,0.7692307692307693,0.7142857142857143,-1
Korea Republic,Spain,0.17647058823529413,0.4761904761904762,1.0,1.5714285714285714,0
Argentina,Romania,0.5308641975308642,0.3809523809523809,1.6913580246913582,1.4285714285714286,-1
Cameroon,Russia,0.17391304347826084,0.4222222222222222,0.7826086956521741,1.7111111111111108,0
Austria,USA,0.4137931034482759,0.24242424242424246,1.4827586206896552,1.1212121212121209,1
Germany,Colombia,0.6146788990825688,0.4090909090909091,2.073394495412844,1.4545454545454546,-1
Italy,Czechoslovakia,0.5421686746987951,0.36666666666666653,1.5421686746987953,1.4666666666666666,1
Yugoslavia,United Arab Emirates,0.42424242424242425,0.0,1.6666666666666667,0.6666666666666666,1
Brazil,Scotland,0.6697247706422018,0.17391304347826084,2.1009174311926606,1.0869565217391304,1
Sweden,Costa Rica,0.3725490196078432,0.2777777777777778,1.568627450980392,1.0555555555555556,0
Belgium,Spain,0.4166666666666667,0.4761904761904762,1.4166666666666667,1.5714285714285714,0
England,Egypt,0.42028985507246375,0.0,1.318840579710145,0.7142857142857143,1
Ireland,Netherlands,0.15384615384615385,0.54,0.7692307692307693,1.72,-1
Korea Republic,Uruguay,0.17647058823529413,0.42857142857142855,1.0,1.5535714285714286,0
Cameroon,Colombia,0.17391304347826084,0.4090909090909091,0.7826086956521741,1.4545454545454546,1
Czechoslovakia,Costa Rica,0.36666666666666653,0.2777777777777778,1.4666666666666666,1.0555555555555556,1
Brazil,Argentina,0.6697247706422018,0.5308641975308642,2.1009174311926606,1.6913580246913582,0
Germany,Netherlands,0.6146788990825688,0.54,2.073394495412844,1.72,1
Ireland,Romania,0.15384615384615385,0.3809523809523809,0.7692307692307693,1.4285714285714286,-1
Italy,Uruguay,0.5421686746987951,0.42857142857142855,1.5421686746987953,1.5535714285714286,1
England,Belgium,0.42028985507246375,0.4166666666666667,1.318840579710145,1.4166666666666667,1
Spain,Yugoslavia,0.4761904761904762,0.42424242424242425,1.5714285714285714,1.6666666666666667,0
Italy,Ireland,0.5421686746987951,0.15384615384615385,1.5421686746987953,0.7692307692307693,1
Yugoslavia,Argentina,0.42424242424242425,0.5308641975308642,1.6666666666666667,1.6913580246913582,-1
Cameroon,England,0.17391304347826084,0.42028985507246375,0.7826086956521741,1.318840579710145,0
Germany,Czechoslovakia,0.6146788990825688,0.36666666666666653,2.073394495412844,1.4666666666666666,1
Italy,Argentina,0.5421686746987951,0.5308641975308642,1.5421686746987953,1.6913580246913582,-1
Germany,England,0.6146788990825688,0.42028985507246375,2.073394495412844,1.318840579710145,-1
Italy,England,0.5421686746987951,0.42028985507246375,1.5421686746987953,1.318840579710145,1
Germany,Argentina,0.6146788990825688,0.5308641975308642,2.073394495412844,1.6913580246913582,1
Germany,Bolivia,0.6146788990825688,0.0,2.073394495412844,0.16666666666666666,1
Spain,Korea Republic,0.4761904761904762,0.17647058823529413,1.5714285714285714,1.0,-1
Colombia,Romania,0.4090909090909091,0.3809523809523809,1.4545454545454546,1.4285714285714286,0
Italy,Ireland,0.5421686746987951,0.15384615384615385,1.5421686746987953,0.7692307692307693,0
USA,Switzerland,0.24242424242424246,0.32432432432432434,1.1212121212121209,1.351351351351351,-1
Belgium,Morocco,0.4166666666666667,0.125,1.4166666666666667,0.875,1
Cameroon,Sweden,0.17391304347826084,0.3725490196078432,0.7826086956521741,1.568627450980392,-1
Norway,Mexico,0.25,0.2807017543859649,0.875,1.0526315789473684,1
Brazil,Russia,0.6697247706422018,0.4222222222222222,2.1009174311926606,1.7111111111111108,1
Netherlands,Saudi Arabia,0.54,0.1875,1.72,0.6875,1
Argentina,Greece,0.5308641975308642,0.2,1.6913580246913582,0.5,1
Germany,Spain,0.6146788990825688,0.4761904761904762,2.073394495412844,1.5714285714285714,-1
Nigeria,Bulgaria,0.2857142857142857,0.1153846153846154,1.0952380952380951,0.8461538461538461,1
Romania,Switzerland,0.3809523809523809,0.32432432432432434,1.4285714285714286,1.351351351351351,0
USA,Colombia,0.24242424242424246,0.4090909090909091,1.1212121212121209,1.4545454545454546,1
Italy,Norway,0.5421686746987951,0.25,1.5421686746987953,0.875,1
Korea Republic,Bolivia,0.17647058823529413,0.0,1.0,0.16666666666666666,-1
Brazil,Cameroon,0.6697247706422018,0.17391304347826084,2.1009174311926606,0.7826086956521741,1
Mexico,Ireland,0.2807017543859649,0.15384615384615385,1.0526315789473684,0.7692307692307693,1
Sweden,Russia,0.3725490196078432,0.4222222222222222,1.568627450980392,1.7111111111111108,1
Argentina,Nigeria,0.5308641975308642,0.2857142857142857,1.6913580246913582,1.0952380952380951,1
Belgium,Netherlands,0.4166666666666667,0.54,1.4166666666666667,1.72,1
Saudi Arabia,Morocco,0.1875,0.125,0.6875,0.875,1
Bulgaria,Greece,0.1153846153846154,0.2,0.8461538461538461,0.5,1
Switzerland,Colombia,0.32432432432432434,0.4090909090909091,1.351351351351351,1.4545454545454546,0
USA,Romania,0.24242424242424246,0.3809523809523809,1.1212121212121209,1.4285714285714286,0
Bolivia,Spain,0.0,0.4761904761904762,0.16666666666666666,1.5714285714285714,0
Germany,Korea Republic,0.6146788990825688,0.17647058823529413,2.073394495412844,1.0,1
Brazil,Sweden,0.6697247706422018,0.3725490196078432,2.1009174311926606,1.568627450980392,-1
Ireland,Norway,0.15384615384615385,0.25,0.7692307692307693,0.875,-1
Italy,Mexico,0.5421686746987951,0.2807017543859649,1.5421686746987953,1.0526315789473684,-1
Russia,Cameroon,0.4222222222222222,0.17391304347826084,1.7111111111111108,0.7826086956521741,1
Belgium,Saudi Arabia,0.4166666666666667,0.1875,1.4166666666666667,0.6875,0
Morocco,Netherlands,0.125,0.54,0.875,1.72,0
Argentina,Bulgaria,0.5308641975308642,0.1153846153846154,1.6913580246913582,0.8461538461538461,0
Greece,Nigeria,0.2,0.2857142857142857,0.5,1.0952380952380951,0
Germany,Belgium,0.6146788990825688,0.4166666666666667,2.073394495412844,1.4166666666666667,1
Spain,Switzerland,0.4761904761904762,0.32432432432432434,1.5714285714285714,1.351351351351351,1
Romania,Argentina,0.3809523809523809,0.5308641975308642,1.4285714285714286,1.6913580246913582,1
Saudi Arabia,Sweden,0.1875,0.3725490196078432,0.6875,1.568627450980392,0
Netherlands,Ireland,0.54,0.15384615384615385,1.72,0.7692307692307693,1
USA,Brazil,0.24242424242424246,0.6697247706422018,1.1212121212121209,2.1009174311926606,0
Mexico,Bulgaria,0.2807017543859649,0.1153846153846154,1.0526315789473684,0.8461538461538461,-1
Nigeria,Italy,0.2857142857142857,0.5421686746987951,1.0952380952380951,1.5421686746987953,0
Italy,Spain,0.5421686746987951,0.4761904761904762,1.5421686746987953,1.5714285714285714,1
Netherlands,Brazil,0.54,0.6697247706422018,1.72,2.1009174311926606,0
Bulgaria,Germany,0.1153846153846154,0.6146788990825688,0.8461538461538461,2.073394495412844,1
Romania,Sweden,0.3809523809523809,0.3725490196078432,1.4285714285714286,1.568627450980392,-1
Bulgaria,Italy,0.1153846153846154,0.5421686746987951,0.8461538461538461,1.5421686746987953,0
Sweden,Brazil,0.3725490196078432,0.6697247706422018,1.568627450980392,2.1009174311926606,0
Sweden,Bulgaria,0.3725490196078432,0.1153846153846154,1.568627450980392,0.8461538461538461,1
Brazil,Italy,0.6697247706422018,0.5421686746987951,2.1009174311926606,1.5421686746987953,-1
Brazil,Scotland,0.6697247706422018,0.17391304347826084,2.1009174311926606,1.0869565217391304,1
Morocco,Norway,0.125,0.25,0.875,0.875,-1
Cameroon,Austria,0.17391304347826084,0.4137931034482759,0.7826086956521741,1.4827586206896552,-1
Italy,Chile,0.5421686746987951,0.3333333333333333,1.5421686746987953,1.2121212121212122,-1
France,South Africa,0.5151515151515151,0.2222222222222222,1.818181818181818,1.2222222222222223,1
Paraguay,Bulgaria,0.25925925925925924,0.1153846153846154,1.1111111111111112,0.8461538461538461,-1
Saudi Arabia,Denmark,0.1875,0.45,0.6875,1.5,0
Korea Republic,Mexico,0.17647058823529413,0.2807017543859649,1.0,1.0526315789473684,0
Netherlands,Belgium,0.54,0.4166666666666667,1.72,1.4166666666666667,-1
Spain,Nigeria,0.4761904761904762,0.2857142857142857,1.5714285714285714,1.0952380952380951,0
Argentina,Japan,0.5308641975308642,0.2380952380952381,1.6913580246913582,0.9523809523809524,1
Jamaica,Croatia,0.3333333333333333,0.4782608695652174,1.0,1.5217391304347827,0
Serbia,Iran,0.3076923076923077,0.13333333333333333,0.8461538461538461,0.6,1
England,Tunisia,0.42028985507246375,0.13333333333333333,1.318840579710145,0.8666666666666667,1
Germany,USA,0.6146788990825688,0.24242424242424246,2.073394495412844,1.1212121212121209,1
Romania,Colombia,0.3809523809523809,0.4090909090909091,1.4285714285714286,1.4545454545454546,1
Brazil,Morocco,0.6697247706422018,0.125,2.1009174311926606,0.875,1
Scotland,Norway,0.17391304347826084,0.25,1.0869565217391304,0.875,-1
Chile,Austria,0.3333333333333333,0.4137931034482759,1.2121212121212122,1.4827586206896552,-1
Italy,Cameroon,0.5421686746987951,0.17391304347826084,1.5421686746987953,0.7826086956521741,1
France,Saudi Arabia,0.5151515151515151,0.1875,1.818181818181818,0.6875,1
South Africa,Denmark,0.2222222222222222,0.45,1.2222222222222223,1.5,-1
Nigeria,Bulgaria,0.2857142857142857,0.1153846153846154,1.0952380952380951,0.8461538461538461,1
Spain,Paraguay,0.4761904761904762,0.25925925925925924,1.5714285714285714,1.1111111111111112,-1
Belgium,Mexico,0.4166666666666667,0.2807017543859649,1.4166666666666667,1.0526315789473684,-1
Japan,Croatia,0.2380952380952381,0.4782608695652174,0.9523809523809524,1.5217391304347827,0
Netherlands,Korea Republic,0.54,0.17647058823529413,1.72,1.0,1
Argentina,Jamaica,0.5308641975308642,0.3333333333333333,1.6913580246913582,1.0,1
Germany,Serbia,0.6146788990825688,0.3076923076923077,2.073394495412844,0.8461538461538461,-1
USA,Iran,0.24242424242424246,0.13333333333333333,1.1212121212121209,0.6,0
Colombia,Tunisia,0.4090909090909091,0.13333333333333333,1.4545454545454546,0.8666666666666667,1
Romania,England,0.3809523809523809,0.42028985507246375,1.4285714285714286,1.318840579710145,1
Brazil,Norway,0.6697247706422018,0.25,2.1009174311926606,0.875,0
Chile,Cameroon,0.3333333333333333,0.17391304347826084,1.2121212121212122,0.7826086956521741,-1
Italy,Austria,0.5421686746987951,0.4137931034482759,1.5421686746987953,1.4827586206896552,1
Scotland,Morocco,0.17391304347826084,0.125,1.0869565217391304,0.875,0
France,Denmark,0.5151515151515151,0.45,1.818181818181818,1.5,1
Nigeria,Paraguay,0.2857142857142857,0.25925925925925924,1.0952380952380951,1.1111111111111112,0
South Africa,Saudi Arabia,0.2222222222222222,0.1875,1.2222222222222223,0.6875,-1
Spain,Bulgaria,0.4761904761904762,0.1153846153846154,1.5714285714285714,0.8461538461538461,1
Belgium,Korea Republic,0.4166666666666667,0.17647058823529413,1.4166666666666667,1.0,-1
Germany,Iran,0.6146788990825688,0.13333333333333333,2.073394495412844,0.6,1
Netherlands,Mexico,0.54,0.2807017543859649,1.72,1.0526315789473684,-1
USA,Serbia,0.24242424242424246,0.3076923076923077,1.1212121212121209,0.8461538461538461,0
Argentina,Croatia,0.5308641975308642,0.4782608695652174,1.6913580246913582,1.5217391304347827,1
Colombia,England,0.4090909090909091,0.42028985507246375,1.4545454545454546,1.318840579710145,0
Japan,Jamaica,0.2380952380952381,0.3333333333333333,0.9523809523809524,1.0,0
Romania,Tunisia,0.3809523809523809,0.13333333333333333,1.4285714285714286,0.8666666666666667,-1
Brazil,Chile,0.6697247706422018,0.3333333333333333,2.1009174311926606,1.2121212121212122,1
Italy,Norway,0.5421686746987951,0.25,1.5421686746987953,0.875,1
France,Paraguay,0.5151515151515151,0.25925925925925924,1.818181818181818,1.1111111111111112,1
Nigeria,Denmark,0.2857142857142857,0.45,1.0952380952380951,1.5,0
Germany,Mexico,0.6146788990825688,0.2807017543859649,2.073394495412844,1.0526315789473684,1
Netherlands,Serbia,0.54,0.3076923076923077,1.72,0.8461538461538461,1
Argentina,England,0.5308641975308642,0.42028985507246375,1.6913580246913582,1.318840579710145,-1
Romania,Croatia,0.3809523809523809,0.4782608695652174,1.4285714285714286,1.5217391304347827,0
Brazil,Denmark,0.6697247706422018,0.45,2.1009174311926606,1.5,1
France,Italy,0.5151515151515151,0.5421686746987951,1.818181818181818,1.5421686746987953,-1
Germany,Croatia,0.6146788990825688,0.4782608695652174,2.073394495412844,1.5217391304347827,0
Netherlands,Argentina,0.54,0.5308641975308642,1.72,1.6913580246913582,1
Brazil,Netherlands,0.6697247706422018,0.54,2.1009174311926606,1.72,-1
France,Croatia,0.5151515151515151,0.4782608695652174,1.818181818181818,1.5217391304347827,1
Netherlands,Croatia,0.54,0.4782608695652174,1.72,1.5217391304347827,0
France,Brazil,0.5151515151515151,0.6697247706422018,1.818181818181818,2.1009174311926606,1
France,Senegal,0.5151515151515151,0.375,1.818181818181818,1.375,0
Germany,Saudi Arabia,0.6146788990825688,0.1875,2.073394495412844,0.6875,1
Ireland,Cameroon,0.15384615384615385,0.17391304347826084,0.7692307692307693,0.7826086956521741,-1
Uruguay,Denmark,0.42857142857142855,0.45,1.5535714285714286,1.5,0
Argentina,Nigeria,0.5308641975308642,0.2857142857142857,1.6913580246913582,1.0952380952380951,1
England,Sweden,0.42028985507246375,0.3725490196078432,1.318840579710145,1.568627450980392,-1
Paraguay,South Africa,0.25925925925925924,0.2222222222222222,1.1111111111111112,1.2222222222222223,-1
Spain,Slovenia,0.4761904761904762,0.16666666666666666,1.5714285714285714,0.8333333333333334,1
Brazil,Turkey,0.6697247706422018,0.5,2.1009174311926606,2.0,1
Croatia,Mexico,0.4782608695652174,0.2807017543859649,1.5217391304347827,1.0526315789473684,0
Italy,Ecuador,0.5421686746987951,0.4,1.5421686746987953,1.0,1
China,Costa Rica,0.0,0.2777777777777778,0.0,1.0555555555555556,0
Japan,Belgium,0.2380952380952381,0.4166666666666667,0.9523809523809524,1.4166666666666667,-1
Korea Republic,Poland,0.17647058823529413,0.4705882352941176,1.0,1.3529411764705883,1
Germany,Ireland,0.6146788990825688,0.15384615384615385,2.073394495412844,0.7692307692307693,-1
Russia,Tunisia,0.4222222222222222,0.13333333333333333,1.7111111111111108,0.8666666666666667,1
USA,Portugal,0.24242424242424246,0.4666666666666667,1.1212121212121209,1.6333333333333333,1
Cameroon,Saudi Arabia,0.17391304347826084,0.1875,0.7826086956521741,0.6875,1
Denmark,Senegal,0.45,0.375,1.5,1.375,-1
France,Uruguay,0.5151515151515151,0.42857142857142855,1.818181818181818,1.5535714285714286,-1
Argentina,England,0.5308641975308642,0.42028985507246375,1.6913580246913582,1.318840579710145,0
Spain,Paraguay,0.4761904761904762,0.25925925925925924,1.5714285714285714,1.1111111111111112,1
Sweden,Nigeria,0.3725490196078432,0.2857142857142857,1.568627450980392,1.0952380952380951,1
Brazil,China,0.6697247706422018,0.0,2.1009174311926606,0.0,1
Italy,Croatia,0.5421686746987951,0.4782608695652174,1.5421686746987953,1.5217391304347827,0
South Africa,Slovenia,0.2222222222222222,0.16666666666666666,1.2222222222222223,0.8333333333333334,1
Costa Rica,Turkey,0.2777777777777778,0.5,1.0555555555555556,2.0,-1
Japan,Russia,0.2380952380952381,0.4222222222222222,0.9523809523809524,1.7111111111111108,1
Mexico,Ecuador,0.2807017543859649,0.4,1.0526315789473684,1.0,1
Korea Republic,USA,0.17647058823529413,0.24242424242424246,1.0,1.1212121212121209,-1
Portugal,Poland,0.4666666666666667,0.4705882352941176,1.6333333333333333,1.3529411764705883,1
Tunisia,Belgium,0.13333333333333333,0.4166666666666667,0.8666666666666667,1.4166666666666667,-1
Cameroon,Germany,0.17391304347826084,0.6146788990825688,0.7826086956521741,2.073394495412844,0
Denmark,France,0.45,0.5151515151515151,1.5,1.818181818181818,1
Saudi Arabia,Ireland,0.1875,0.15384615384615385,0.6875,0.7692307692307693,0
Senegal,Uruguay,0.375,0.42857142857142855,1.375,1.5535714285714286,-1
Nigeria,England,0.2857142857142857,0.42028985507246375,1.0952380952380951,1.318840579710145,-1
Slovenia,Paraguay,0.16666666666666666,0.25925925925925924,0.8333333333333334,1.1111111111111112,0
South Africa,Spain,0.2222222222222222,0.4761904761904762,1.2222222222222223,1.5714285714285714,0
Sweden,Argentina,0.3725490196078432,0.5308641975308642,1.568627450980392,1.6913580246913582,-1
Costa Rica,Brazil,0.2777777777777778,0.6697247706422018,1.0555555555555556,2.1009174311926606,0
Ecuador,Croatia,0.4,0.4782608695652174,1.0,1.5217391304347827,1
Mexico,Italy,0.2807017543859649,0.5421686746987951,1.0526315789473684,1.5421686746987953,-1
Turkey,China,0.5,0.0,2.0,0.0,1
Belgium,Russia,0.4166666666666667,0.4222222222222222,1.4166666666666667,1.7111111111111108,1
Japan,Tunisia,0.2380952380952381,0.13333333333333333,0.9523809523809524,0.8666666666666667,1
Korea Republic,Portugal,0.17647058823529413,0.4666666666666667,1.0,1.6333333333333333,1
Poland,USA,0.4705882352941176,0.24242424242424246,1.3529411764705883,1.1212121212121209,1
Denmark,England,0.45,0.42028985507246375,1.5,1.318840579710145,0
Germany,Paraguay,0.6146788990825688,0.25925925925925924,2.073394495412844,1.1111111111111112,1
Spain,Ireland,0.4761904761904762,0.15384615384615385,1.5714285714285714,0.7692307692307693,-1
Sweden,Senegal,0.3725490196078432,0.375,1.568627450980392,1.375,0
Brazil,Belgium,0.6697247706422018,0.4166666666666667,2.1009174311926606,1.4166666666666667,1
Mexico,USA,0.2807017543859649,0.24242424242424246,1.0526315789473684,1.1212121212121209,0
Japan,Turkey,0.2380952380952381,0.5,0.9523809523809524,2.0,0
Korea Republic,Italy,0.17647058823529413,0.5421686746987951,1.0,1.5421686746987953,1
England,Brazil,0.42028985507246375,0.6697247706422018,1.318840579710145,2.1009174311926606,0
Germany,USA,0.6146788990825688,0.24242424242424246,2.073394495412844,1.1212121212121209,1
Korea Republic,Spain,0.17647058823529413,0.4761904761904762,1.0,1.5714285714285714,-1
Senegal,Turkey,0.375,0.5,1.375,2.0,0
Korea Republic,Germany,0.17647058823529413,0.6146788990825688,1.0,2.073394495412844,0
Brazil,Turkey,0.6697247706422018,0.5,2.1009174311926606,2.0,1
Korea Republic,Turkey,0.17647058823529413,0.5,1.0,2.0,0
Germany,Brazil,0.6146788990825688,0.6697247706422018,2.073394495412844,2.1009174311926606,0
Germany,Costa Rica,0.6146788990825688,0.2777777777777778,2.073394495412844,1.0555555555555556,1
Poland,Ecuador,0.4705882352941176,0.4,1.3529411764705883,1.0,0
Argentina,Ivory Coast,0.5308641975308642,0.3333333333333333,1.6913580246913582,1.4444444444444444,1
England,Paraguay,0.42028985507246375,0.25925925925925924,1.318840579710145,1.1111111111111112,1
Trinidad and Tobago,Sweden,0.0,0.3725490196078432,0.0,1.568627450980392,-1
Angola,Portugal,0.0,0.4666666666666667,0.3333333333333333,1.6333333333333333,0
Mexico,Iran,0.2807017543859649,0.13333333333333333,1.0526315789473684,0.6,1
Serbia,Netherlands,0.3076923076923077,0.54,0.8461538461538461,1.72,0
Australia,Japan,0.125,0.2380952380952381,0.8125,0.9523809523809524,1
Italy,Ghana,0.5421686746987951,0.3333333333333333,1.5421686746987953,1.0833333333333333,1
USA,Czech Republic,0.24242424242424246,0.3333333333333333,1.1212121212121209,1.0,0
Brazil,Croatia,0.6697247706422018,0.4782608695652174,2.1009174311926606,1.5217391304347827,1
France,Switzerland,0.5151515151515151,0.32432432432432434,1.818181818181818,1.351351351351351,-1
Korea Republic,Togo,0.17647058823529413,0.0,1.0,0.3333333333333333,1
Germany,Poland,0.6146788990825688,0.4705882352941176,2.073394495412844,1.3529411764705883,1
Spain,Ukraine,0.4761904761904762,0.4,1.5714285714285714,1.0,1
Tunisia,Saudi Arabia,0.13333333333333333,0.1875,0.8666666666666667,0.6875,-1
Ecuador,Costa Rica,0.4,0.2777777777777778,1.0,1.0555555555555556,1
England,Trinidad and Tobago,0.42028985507246375,0.0,1.318840579710145,0.0,1
Sweden,Paraguay,0.3725490196078432,0.25925925925925924,1.568627450980392,1.1111111111111112,1
Argentina,Serbia,0.5308641975308642,0.3076923076923077,1.6913580246913582,0.8461538461538461,1
Mexico,Angola,0.2807017543859649,0.0,1.0526315789473684,0.3333333333333333,-1
Netherlands,Ivory Coast,0.54,0.3333333333333333,1.72,1.4444444444444444,1
Czech Republic,Ghana,0.3333333333333333,0.3333333333333333,1.0,1.0833333333333333,0
Italy,USA,0.5421686746987951,0.24242424242424246,1.5421686746987953,1.1212121212121209,-1
Portugal,Iran,0.4666666666666667,0.13333333333333333,1.6333333333333333,0.6,1
Brazil,Australia,0.6697247706422018,0.125,2.1009174311926606,0.8125,1
France,Korea Republic,0.5151515151515151,0.17647058823529413,1.818181818181818,1.0,-1
Japan,Croatia,0.2380952380952381,0.4782608695652174,0.9523809523809524,1.5217391304347827,-1
Saudi Arabia,Ukraine,0.1875,0.4,0.6875,1.0,0
Spain,Tunisia,0.4761904761904762,0.13333333333333333,1.5714285714285714,0.8666666666666667,1
Togo,Switzerland,0.0,0.32432432432432434,0.3333333333333333,1.351351351351351,0
Costa Rica,Poland,0.2777777777777778,0.4705882352941176,1.0555555555555556,1.3529411764705883,0
Germany,Ecuador,0.6146788990825688,0.4,2.073394495412844,1.0,1
Paraguay,Trinidad and Tobago,0.25925925925925924,0.0,1.1111111111111112,0.0,1
Sweden,England,0.3725490196078432,0.42028985507246375,1.568627450980392,1.318840579710145,-1
Iran,Angola,0.13333333333333333,0.0,0.6,0.3333333333333333,-1
Ivory Coast,Serbia,0.3333333333333333,0.3076923076923077,1.4444444444444444,0.8461538461538461,1
Netherlands,Argentina,0.54,0.5308641975308642,1.72,1.6913580246913582,-1
Portugal,Mexico,0.4666666666666667,0.2807017543859649,1.6333333333333333,1.0526315789473684,1
Croatia,Australia,0.4782608695652174,0.125,1.5217391304347827,0.8125,-1
Czech Republic,Italy,0.3333333333333333,0.5421686746987951,1.0,1.5421686746987953,0
Ghana,USA,0.3333333333333333,0.24242424242424246,1.0833333333333333,1.1212121212121209,1
Japan,Brazil,0.2380952380952381,0.6697247706422018,0.9523809523809524,2.1009174311926606,0
Saudi Arabia,Spain,0.1875,0.4761904761904762,0.6875,1.5714285714285714,0
Switzerland,Korea Republic,0.32432432432432434,0.17647058823529413,1.351351351351351,1.0,1
Togo,France,0.0,0.5151515151515151,0.3333333333333333,1.818181818181818,0
Ukraine,Tunisia,0.4,0.13333333333333333,1.0,0.8666666666666667,1
Argentina,Mexico,0.5308641975308642,0.2807017543859649,1.6913580246913582,1.0526315789473684,1
Germany,Sweden,0.6146788990825688,0.3725490196078432,2.073394495412844,1.568627450980392,1
England,Ecuador,0.42028985507246375,0.4,1.318840579710145,1.0,1
Portugal,Netherlands,0.4666666666666667,0.54,1.6333333333333333,1.72,1
Italy,Australia,0.5421686746987951,0.125,1.5421686746987953,0.8125,1
Switzerland,Ukraine,0.32432432432432434,0.4,1.351351351351351,1.0,-1
Brazil,Ghana,0.6697247706422018,0.3333333333333333,2.1009174311926606,1.0833333333333333,1
Spain,France,0.4761904761904762,0.5151515151515151,1.5714285714285714,1.818181818181818,0
Germany,Argentina,0.6146788990825688,0.5308641975308642,2.073394495412844,1.6913580246913582,-1
Italy,Ukraine,0.5421686746987951,0.4,1.5421686746987953,1.0,1
Brazil,France,0.6697247706422018,0.5151515151515151,2.1009174311926606,1.818181818181818,0
England,Portugal,0.42028985507246375,0.4666666666666667,1.318840579710145,1.6333333333333333,-1
Germany,Italy,0.6146788990825688,0.5421686746987951,2.073394495412844,1.5421686746987953,0
Portugal,France,0.4666666666666667,0.5151515151515151,1.6333333333333333,1.818181818181818,0
Germany,Portugal,0.6146788990825688,0.4666666666666667,2.073394495412844,1.6333333333333333,1
Italy,France,0.5421686746987951,0.5151515151515151,1.5421686746987953,1.818181818181818,-1
South Africa,Mexico,0.2222222222222222,0.2807017543859649,1.2222222222222223,1.0526315789473684,-1
Uruguay,France,0.42857142857142855,0.5151515151515151,1.5535714285714286,1.818181818181818,-1
Argentina,Nigeria,0.5308641975308642,0.2857142857142857,1.6913580246913582,1.0952380952380951,1
England,USA,0.42028985507246375,0.24242424242424246,1.318840579710145,1.1212121212121209,-1
Korea Republic,Greece,0.17647058823529413,0.2,1.0,0.5,1
Algeria,Slovenia,0.2307692307692308,0.16666666666666666,1.0,0.8333333333333334,0
Germany,Australia,0.6146788990825688,0.125,2.073394495412844,0.8125,1
Serbia,Ghana,0.3076923076923077,0.3333333333333333,0.8461538461538461,1.0833333333333333,0
Italy,Paraguay,0.5421686746987951,0.25925925925925924,1.5421686746987953,1.1111111111111112,-1
Japan,Cameroon,0.2380952380952381,0.17391304347826084,0.9523809523809524,0.7826086956521741,1
Netherlands,Denmark,0.54,0.45,1.72,1.5,1
Brazil,Korea DPR,0.6697247706422018,0.14285714285714285,2.1009174311926606,0.8571428571428571,1
Ivory Coast,Portugal,0.3333333333333333,0.4666666666666667,1.4444444444444444,1.6333333333333333,-1
New Zealand,Slovakia,0.0,0.25,0.6666666666666666,1.25,-1
Honduras,Chile,0.0,0.3333333333333333,0.3333333333333333,1.2121212121212122,0
South Africa,Uruguay,0.2222222222222222,0.42857142857142855,1.2222222222222223,1.5535714285714286,0
Spain,Switzerland,0.4761904761904762,0.32432432432432434,1.5714285714285714,1.351351351351351,0
Argentina,Korea Republic,0.5308641975308642,0.17647058823529413,1.6913580246913582,1.0,1
France,Mexico,0.5151515151515151,0.2807017543859649,1.818181818181818,1.0526315789473684,0
Greece,Nigeria,0.2,0.2857142857142857,0.5,1.0952380952380951,1
England,Algeria,0.42028985507246375,0.2307692307692308,1.318840579710145,1.0,-1
Germany,Serbia,0.6146788990825688,0.3076923076923077,2.073394495412844,0.8461538461538461,0
Slovenia,USA,0.16666666666666666,0.24242424242424246,0.8333333333333334,1.1212121212121209,-1
Cameroon,Denmark,0.17391304347826084,0.45,0.7826086956521741,1.5,0
Ghana,Australia,0.3333333333333333,0.125,1.0833333333333333,0.8125,-1
Netherlands,Japan,0.54,0.2380952380952381,1.72,0.9523809523809524,1
Brazil,Ivory Coast,0.6697247706422018,0.3333333333333333,2.1009174311926606,1.4444444444444444,1
Italy,New Zealand,0.5421686746987951,0.0,1.5421686746987953,0.6666666666666666,-1
Slovakia,Paraguay,0.25,0.25925925925925924,1.25,1.1111111111111112,0
Chile,Switzerland,0.3333333333333333,0.32432432432432434,1.2121212121212122,1.351351351351351,1
Portugal,Korea DPR,0.4666666666666667,0.14285714285714285,1.6333333333333333,0.8571428571428571,1
Spain,Honduras,0.4761904761904762,0.0,1.5714285714285714,0.3333333333333333,1
Greece,Argentina,0.2,0.5308641975308642,0.5,1.6913580246913582,0
Mexico,Uruguay,0.2807017543859649,0.42857142857142855,1.0526315789473684,1.5535714285714286,0
Nigeria,Korea Republic,0.2857142857142857,0.17647058823529413,1.0952380952380951,1.0,-1
South Africa,France,0.2222222222222222,0.5151515151515151,1.2222222222222223,1.818181818181818,1
Australia,Serbia,0.125,0.3076923076923077,0.8125,0.8461538461538461,1
Ghana,Germany,0.3333333333333333,0.6146788990825688,1.0833333333333333,2.073394495412844,0
Slovenia,England,0.16666666666666666,0.42028985507246375,0.8333333333333334,1.318840579710145,0
USA,Algeria,0.24242424242424246,0.2307692307692308,1.1212121212121209,1.0,1
Cameroon,Netherlands,0.17391304347826084,0.54,0.7826086956521741,1.72,0
Denmark,Japan,0.45,0.2380952380952381,1.5,0.9523809523809524,0
Paraguay,New Zealand,0.25925925925925924,0.0,1.1111111111111112,0.6666666666666666,-1
Slovakia,Italy,0.25,0.5421686746987951,1.25,1.5421686746987953,1
Chile,Spain,0.3333333333333333,0.4761904761904762,1.2121212121212122,1.5714285714285714,0
Korea DPR,Ivory Coast,0.14285714285714285,0.3333333333333333,0.8571428571428571,1.4444444444444444,0
Portugal,Brazil,0.4666666666666667,0.6697247706422018,1.6333333333333333,2.1009174311926606,-1
Switzerland,Honduras,0.32432432432432434,0.0,1.351351351351351,0.3333333333333333,-1
Uruguay,Korea Republic,0.42857142857142855,0.17647058823529413,1.5535714285714286,1.0,1
USA,Ghana,0.24242424242424246,0.3333333333333333,1.1212121212121209,1.0833333333333333,0
Argentina,Mexico,0.5308641975308642,0.2807017543859649,1.6913580246913582,1.0526315789473684,1
Germany,England,0.6146788990825688,0.42028985507246375,2.073394495412844,1.318840579710145,1
Brazil,Chile,0.6697247706422018,0.3333333333333333,2.1009174311926606,1.2121212121212122,1
Netherlands,Slovakia,0.54,0.25,1.72,1.25,1
Paraguay,Japan,0.25925925925925924,0.2380952380952381,1.1111111111111112,0.9523809523809524,-1
Spain,Portugal,0.4761904761904762,0.4666666666666667,1.5714285714285714,1.6333333333333333,1
Netherlands,Brazil,0.54,0.6697247706422018,1.72,2.1009174311926606,1
Uruguay,Ghana,0.42857142857142855,0.3333333333333333,1.5535714285714286,1.0833333333333333,-1
Argentina,Germany,0.5308641975308642,0.6146788990825688,1.6913580246913582,2.073394495412844,0
Paraguay,Spain,0.25925925925925924,0.4761904761904762,1.1111111111111112,1.5714285714285714,0
Uruguay,Netherlands,0.42857142857142855,0.54,1.5535714285714286,1.72,0
Germany,Spain,0.6146788990825688,0.4761904761904762,2.073394495412844,1.5714285714285714,0
Uruguay,Germany,0.42857142857142855,0.6146788990825688,1.5535714285714286,2.073394495412844,0
Netherlands,Spain,0.54,0.4761904761904762,1.72,1.5714285714285714,0
Brazil,Croatia,0.6697247706422018,0.4782608695652174,2.1009174311926606,1.5217391304347827,1
Chile,Australia,0.3333333333333333,0.125,1.2121212121212122,0.8125,1
Mexico,Cameroon,0.2807017543859649,0.17391304347826084,1.0526315789473684,0.7826086956521741,1
Spain,Netherlands,0.4761904761904762,0.54,1.5714285714285714,1.72,0
Colombia,Greece,0.4090909090909091,0.2,1.4545454545454546,0.5,1
England,Italy,0.42028985507246375,0.5421686746987951,1.318840579710145,1.5421686746987953,0
Ivory Coast,Japan,0.3333333333333333,0.2380952380952381,1.4444444444444444,0.9523809523809524,1
Uruguay,Costa Rica,0.42857142857142855,0.2777777777777778,1.5535714285714286,1.0555555555555556,0
Argentina,Bosnia-Herzegovina,0.5308641975308642,0.3333333333333333,1.6913580246913582,1.3333333333333333,1
France,Honduras,0.5151515151515151,0.0,1.818181818181818,0.3333333333333333,1
Switzerland,Ecuador,0.32432432432432434,0.4,1.351351351351351,1.0,1
Germany,Portugal,0.6146788990825688,0.4666666666666667,2.073394495412844,1.6333333333333333,1
Ghana,USA,0.3333333333333333,0.24242424242424246,1.0833333333333333,1.1212121212121209,0
Iran,Nigeria,0.13333333333333333,0.2857142857142857,0.6,1.0952380952380951,-1
Belgium,Algeria,0.4166666666666667,0.2307692307692308,1.4166666666666667,1.0,1
Brazil,Mexico,0.6697247706422018,0.2807017543859649,2.1009174311926606,1.0526315789473684,-1
Russia,Korea Republic,0.4222222222222222,0.17647058823529413,1.7111111111111108,1.0,-1
Australia,Netherlands,0.125,0.54,0.8125,1.72,0
Cameroon,Croatia,0.17391304347826084,0.4782608695652174,0.7826086956521741,1.5217391304347827,0
Spain,Chile,0.4761904761904762,0.3333333333333333,1.5714285714285714,1.2121212121212122,0
Colombia,Ivory Coast,0.4090909090909091,0.3333333333333333,1.4545454545454546,1.4444444444444444,1
Japan,Greece,0.2380952380952381,0.2,0.9523809523809524,0.5,-1
Uruguay,England,0.42857142857142855,0.42028985507246375,1.5535714285714286,1.318840579710145,1
Honduras,Ecuador,0.0,0.4,0.3333333333333333,1.0,0
Italy,Costa Rica,0.5421686746987951,0.2777777777777778,1.5421686746987953,1.0555555555555556,0
Switzerland,France,0.32432432432432434,0.5151515151515151,1.351351351351351,1.818181818181818,0
Argentina,Iran,0.5308641975308642,0.13333333333333333,1.6913580246913582,0.6,1
Germany,Ghana,0.6146788990825688,0.3333333333333333,2.073394495412844,1.0833333333333333,-1
Nigeria,Bosnia-Herzegovina,0.2857142857142857,0.3333333333333333,1.0952380952380951,1.3333333333333333,1
Belgium,Russia,0.4166666666666667,0.4222222222222222,1.4166666666666667,1.7111111111111108,1
Korea Republic,Algeria,0.17647058823529413,0.2307692307692308,1.0,1.0,0
USA,Portugal,0.24242424242424246,0.4666666666666667,1.1212121212121209,1.6333333333333333,-1
Australia,Spain,0.125,0.4761904761904762,0.8125,1.5714285714285714,0
Brazil,Cameroon,0.6697247706422018,0.17391304347826084,2.1009174311926606,0.7826086956521741,1
Croatia,Mexico,0.4782608695652174,0.2807017543859649,1.5217391304347827,1.0526315789473684,0
Netherlands,Chile,0.54,0.3333333333333333,1.72,1.2121212121212122,1
Costa Rica,England,0.2777777777777778,0.42028985507246375,1.0555555555555556,1.318840579710145,-1
Greece,Ivory Coast,0.2,0.3333333333333333,0.5,1.4444444444444444,1
Italy,Uruguay,0.5421686746987951,0.42857142857142855,1.5421686746987953,1.5535714285714286,0
Japan,Colombia,0.2380952380952381,0.4090909090909091,0.9523809523809524,1.4545454545454546,0
Bosnia-Herzegovina,Iran,0.3333333333333333,0.13333333333333333,1.3333333333333333,0.6,1
Ecuador,France,0.4,0.5151515151515151,1.0,1.818181818181818,-1
Honduras,Switzerland,0.0,0.32432432432432434,0.3333333333333333,1.351351351351351,0
Nigeria,Argentina,0.2857142857142857,0.5308641975308642,1.0952380952380951,1.6913580246913582,0
Algeria,Russia,0.2307692307692308,0.4222222222222222,1.0,1.7111111111111108,-1
Korea Republic,Belgium,0.17647058823529413,0.4166666666666667,1.0,1.4166666666666667,0
Portugal,Ghana,0.4666666666666667,0.3333333333333333,1.6333333333333333,1.0833333333333333,1
USA,Germany,0.24242424242424246,0.6146788990825688,1.1212121212121209,2.073394495412844,0
Brazil,Chile,0.6697247706422018,0.3333333333333333,2.1009174311926606,1.2121212121212122,-1
Colombia,Uruguay,0.4090909090909091,0.42857142857142855,1.4545454545454546,1.5535714285714286,1
Costa Rica,Greece,0.2777777777777778,0.2,1.0555555555555556,0.5,-1
Netherlands,Mexico,0.54,0.2807017543859649,1.72,1.0526315789473684,1
France,Nigeria,0.5151515151515151,0.2857142857142857,1.818181818181818,1.0952380952380951,1
Germany,Algeria,0.6146788990825688,0.2307692307692308,2.073394495412844,1.0,1
Argentina,Switzerland,0.5308641975308642,0.32432432432432434,1.6913580246913582,1.351351351351351,1
Belgium,USA,0.4166666666666667,0.24242424242424246,1.4166666666666667,1.1212121212121209,1
Brazil,Colombia,0.6697247706422018,0.4090909090909091,2.1009174311926606,1.4545454545454546,1
France,Germany,0.5151515151515151,0.6146788990825688,1.818181818181818,2.073394495412844,0
Argentina,Belgium,0.5308641975308642,0.4166666666666667,1.6913580246913582,1.4166666666666667,1
Netherlands,Costa Rica,0.54,0.2777777777777778,1.72,1.0555555555555556,-1
Brazil,Germany,0.6697247706422018,0.6146788990825688,2.1009174311926606,2.073394495412844,0
Netherlands,Argentina,0.54,0.5308641975308642,1.72,1.6913580246913582,-1
Brazil,Netherlands,0.6697247706422018,0.54,2.1009174311926606,1.72,0
Germany,Argentina,0.6146788990825688,0.5308641975308642,2.073394495412844,1.6913580246913582,1
Russia,Saudi Arabia,0.4222222222222222,0.1875,1.7111111111111108,0.6875,1
Egypt,Uruguay,0.0,0.42857142857142855,0.7142857142857143,1.5535714285714286,0
Morocco,Iran,0.125,0.13333333333333333,0.875,0.6,0
Portugal,Spain,0.4666666666666667,0.4761904761904762,1.6333333333333333,1.5714285714285714,-1
France,Australia,0.5151515151515151,0.125,1.818181818181818,0.8125,1
Argentina,Iceland,0.5308641975308642,0.0,1.6913580246913582,0.6666666666666666,-1
Peru,Denmark,0.2777777777777778,0.45,1.1666666666666667,1.5,0
Croatia,Nigeria,0.4782608695652174,0.2857142857142857,1.5217391304347827,1.0952380952380951,1
Costa Rica,Serbia,0.2777777777777778,0.3076923076923077,1.0555555555555556,0.8461538461538461,0
Germany,Mexico,0.6146788990825688,0.2807017543859649,2.073394495412844,1.0526315789473684,0
Brazil,Switzerland,0.6697247706422018,0.32432432432432434,2.1009174311926606,1.351351351351351,-1
Sweden,Korea Republic,0.3725490196078432,0.17647058823529413,1.568627450980392,1.0,1
Belgium,Panama,0.4166666666666667,0.0,1.4166666666666667,0.6666666666666666,1
Tunisia,England,0.13333333333333333,0.42028985507246375,0.8666666666666667,1.318840579710145,0
Colombia,Japan,0.4090909090909091,0.2380952380952381,1.4545454545454546,0.9523809523809524,0
Poland,Senegal,0.4705882352941176,0.375,1.3529411764705883,1.375,0
Russia,Egypt,0.4222222222222222,0.0,1.7111111111111108,0.7142857142857143,1
Portugal,Morocco,0.4666666666666667,0.125,1.6333333333333333,0.875,1
Uruguay,Saudi Arabia,0.42857142857142855,0.1875,1.5535714285714286,0.6875,1
Iran,Spain,0.13333333333333333,0.4761904761904762,0.6,1.5714285714285714,0
Denmark,Australia,0.45,0.125,1.5,0.8125,-1
France,Peru,0.5151515151515151,0.2777777777777778,1.818181818181818,1.1666666666666667,1
Argentina,Croatia,0.5308641975308642,0.4782608695652174,1.6913580246913582,1.5217391304347827,0
Brazil,Costa Rica,0.6697247706422018,0.2777777777777778,2.1009174311926606,1.0555555555555556,1
Nigeria,Iceland,0.2857142857142857,0.0,1.0952380952380951,0.6666666666666666,1
Serbia,Switzerland,0.3076923076923077,0.32432432432432434,0.8461538461538461,1.351351351351351,0
Belgium,Tunisia,0.4166666666666667,0.13333333333333333,1.4166666666666667,0.8666666666666667,1
Korea Republic,Mexico,0.17647058823529413,0.2807017543859649,1.0,1.0526315789473684,0
Germany,Sweden,0.6146788990825688,0.3725490196078432,2.073394495412844,1.568627450980392,1
England,Panama,0.42028985507246375,0.0,1.318840579710145,0.6666666666666666,1
Japan,Senegal,0.2380952380952381,0.375,0.9523809523809524,1.375,-1
Poland,Colombia,0.4705882352941176,0.4090909090909091,1.3529411764705883,1.4545454545454546,0
Russia,Uruguay,0.4222222222222222,0.42857142857142855,1.7111111111111108,1.5535714285714286,0
Saudi Arabia,Egypt,0.1875,0.0,0.6875,0.7142857142857143,1
Spain,Morocco,0.4761904761904762,0.125,1.5714285714285714,0.875,-1
Iran,Portugal,0.13333333333333333,0.4666666666666667,0.6,1.6333333333333333,-1
Australia,Peru,0.125,0.2777777777777778,0.8125,1.1666666666666667,0
Denmark,France,0.45,0.5151515151515151,1.5,1.818181818181818,-1
Nigeria,Argentina,0.2857142857142857,0.5308641975308642,1.0952380952380951,1.6913580246913582,0
Iceland,Croatia,0.0,0.4782608695652174,0.6666666666666666,1.5217391304347827,0
Korea Republic,Germany,0.17647058823529413,0.6146788990825688,1.0,2.073394495412844,1
Mexico,Sweden,0.2807017543859649,0.3725490196078432,1.0526315789473684,1.568627450980392,0
Serbia,Brazil,0.3076923076923077,0.6697247706422018,0.8461538461538461,2.1009174311926606,0
Switzerland,Costa Rica,0.32432432432432434,0.2777777777777778,1.351351351351351,1.0555555555555556,-1
Japan,Poland,0.2380952380952381,0.4705882352941176,0.9523809523809524,1.3529411764705883,0
Senegal,Colombia,0.375,0.4090909090909091,1.375,1.4545454545454546,0
Panama,Tunisia,0.0,0.13333333333333333,0.6666666666666666,0.8666666666666667,0
England,Belgium,0.42028985507246375,0.4166666666666667,1.318840579710145,1.4166666666666667,0
France,Argentina,0.5151515151515151,0.5308641975308642,1.818181818181818,1.6913580246913582,1
Uruguay,Portugal,0.42857142857142855,0.4666666666666667,1.5535714285714286,1.6333333333333333,1
Russia,Spain,0.4222222222222222,0.4761904761904762,1.7111111111111108,1.5714285714285714,-1
Croatia,Denmark,0.4782608695652174,0.45,1.5217391304347827,1.5,-1
Brazil,Mexico,0.6697247706422018,0.2807017543859649,2.1009174311926606,1.0526315789473684,1
Belgium,Japan,0.4166666666666667,0.2380952380952381,1.4166666666666667,0.9523809523809524,1
Sweden,Switzerland,0.3725490196078432,0.32432432432432434,1.568627450980392,1.351351351351351,1
Colombia,England,0.4090909090909091,0.42028985507246375,1.4545454545454546,1.318840579710145,-1
Uruguay,France,0.42857142857142855,0.5151515151515151,1.5535714285714286,1.818181818181818,0
Brazil,Belgium,0.6697247706422018,0.4166666666666667,2.1009174311926606,1.4166666666666667,0
Sweden,England,0.3725490196078432,0.42028985507246375,1.568627450980392,1.318840579710145,0
Russia,Croatia,0.4222222222222222,0.4782608695652174,1.7111111111111108,1.5217391304347827,-1
France,Belgium,0.5151515151515151,0.4166666666666667,1.818181818181818,1.4166666666666667,1
Croatia,England,0.4782608695652174,0.42028985507246375,1.5217391304347827,1.318840579710145,1
Belgium,England,0.4166666666666667,0.42028985507246375,1.4166666666666667,1.318840579710145,1
France,Croatia,0.5151515151515151,0.4782608695652174,1.818181818181818,1.5217391304347827,1
