home_team,away_team,home_score,away_score,home_times,away_times,home_win,away_win,home_goals,away_goals,home_r_win,away_r_win,home_Ave_goal,away_Ave_goal,result
比利时,美国,0,3,48,33,20,8,68,37,0.416666667,0.242424242,1.416666667,1.121212121,0
法国,墨西哥,4,1,66,57,34,16,120,60,0.515151515,0.280701754,1.818181818,1.052631579,1
巴西,南斯拉夫,1,2,109,33,73,14,229,55,0.669724771,0.424242424,2.100917431,1.666666667,0
秘鲁,罗马尼亚,1,3,18,21,5,8,21,30,0.277777778,0.380952381,1.166666667,1.428571429,0
阿根廷,法国,1,0,81,66,43,34,137,120,0.530864198,0.515151515,1.691358025,1.818181818,1
智利,墨西哥,3,0,33,57,11,16,40,60,0.333333333,0.280701754,1.212121212,1.052631579,1
玻利维亚,南斯拉夫,0,4,6,33,0,14,1,55,0,0.424242424,0.166666667,1.666666667,0
巴拉圭,美国,0,3,27,33,7,8,30,37,0.259259259,0.242424242,1.111111111,1.121212121,0
乌拉圭,秘鲁,1,0,56,18,24,5,87,21,0.428571429,0.277777778,1.553571429,1.166666667,1
阿根廷,墨西哥,6,3,81,57,43,16,137,60,0.530864198,0.280701754,1.691358025,1.052631579,1
智利,法国,1,0,33,66,11,34,40,120,0.333333333,0.515151515,1.212121212,1.818181818,1
比利时,巴拉圭,0,1,48,27,20,7,68,30,0.416666667,0.259259259,1.416666667,1.111111111,0
玻利维亚,巴西,0,4,6,109,0,73,1,229,0,0.669724771,0.166666667,2.100917431,0
乌拉圭,罗马尼亚,4,0,56,21,24,8,87,30,0.428571429,0.380952381,1.553571429,1.428571429,1
阿根廷,智利,3,1,81,33,43,11,137,40,0.530864198,0.333333333,1.691358025,1.212121212,1
阿根廷,美国,6,1,81,33,43,8,137,37,0.530864198,0.242424242,1.691358025,1.121212121,1
乌拉圭,南斯拉夫,6,1,56,33,24,14,87,55,0.428571429,0.424242424,1.553571429,1.666666667,1
乌拉圭,阿根廷,4,2,56,81,24,43,87,137,0.428571429,0.530864198,1.553571429,1.691358025,1
阿根廷,瑞典,2,3,81,51,43,19,137,80,0.530864198,0.37254902,1.691358025,1.568627451,0
奥地利,法国,3,2,29,66,12,34,43,120,0.413793103,0.515151515,1.482758621,1.818181818,1
比利时,德国,2,5,48,109,20,67,68,226,0.416666667,0.614678899,1.416666667,2.073394495,0
巴西,西班牙,1,3,109,63,73,30,229,99,0.669724771,0.476190476,2.100917431,1.571428571,0
捷克斯洛伐克,罗马尼亚,2,1,30,21,11,8,44,30,0.366666667,0.380952381,1.466666667,1.428571429,1
埃及,匈牙利,2,4,7,32,0,15,5,87,0,0.46875,0.714285714,2.71875,0
意大利,美国,7,1,83,33,45,8,128,37,0.542168675,0.242424242,1.542168675,1.121212121,1
荷兰,瑞士,2,3,50,37,27,12,86,50,0.54,0.324324324,1.72,1.351351351,0
奥地利,匈牙利,2,1,29,32,12,15,43,87,0.413793103,0.46875,1.482758621,2.71875,1
捷克斯洛伐克,瑞士,3,2,30,37,11,12,44,50,0.366666667,0.324324324,1.466666667,1.351351351,1
德国,瑞典,2,1,109,51,67,19,226,80,0.614678899,0.37254902,2.073394495,1.568627451,1
意大利,西班牙,1,1,83,63,45,30,128,99,0.542168675,0.476190476,1.542168675,1.571428571,-1
意大利,西班牙,1,0,83,63,45,30,128,99,0.542168675,0.476190476,1.542168675,1.571428571,1
捷克斯洛伐克,德国,3,1,30,109,11,67,44,226,0.366666667,0.614678899,1.466666667,2.073394495,1
意大利,奥地利,1,0,83,29,45,12,128,43,0.542168675,0.413793103,1.542168675,1.482758621,1
奥地利,德国,2,3,29,109,12,67,43,226,0.413793103,0.614678899,1.482758621,2.073394495,0
意大利,捷克斯洛伐克,2,1,83,30,45,11,128,44,0.542168675,0.366666667,1.542168675,1.466666667,1
德国,瑞士,1,1,109,37,67,12,226,50,0.614678899,0.324324324,2.073394495,1.351351351,-1
巴西,波兰,6,5,109,34,73,16,229,46,0.669724771,0.470588235,2.100917431,1.352941176,1
古巴,罗马尼亚,3,3,3,21,1,8,5,30,0.333333333,0.380952381,1.666666667,1.428571429,-1
捷克斯洛伐克,荷兰,3,0,30,50,11,27,44,86,0.366666667,0.54,1.466666667,1.72,1
法国,比利时,3,1,66,48,34,20,120,68,0.515151515,0.416666667,1.818181818,1.416666667,1
匈牙利,印度尼西亚,6,0,32,1,15,0,87,0,0.46875,0,2.71875,0,1
意大利,挪威,2,1,83,8,45,2,128,7,0.542168675,0.25,1.542168675,0.875,1
古巴,罗马尼亚,2,1,3,21,1,8,5,30,0.333333333,0.380952381,1.666666667,1.428571429,1
德国,瑞士,2,4,109,37,67,12,226,50,0.614678899,0.324324324,2.073394495,1.351351351,0
巴西,捷克斯洛伐克,1,1,109,30,73,11,229,44,0.669724771,0.366666667,2.100917431,1.466666667,-1
古巴,瑞典,0,8,3,51,1,19,5,80,0.333333333,0.37254902,1.666666667,1.568627451,0
法国,意大利,1,3,66,83,34,45,120,128,0.515151515,0.542168675,1.818181818,1.542168675,0
匈牙利,瑞士,2,0,32,37,15,12,87,50,0.46875,0.324324324,2.71875,1.351351351,1
巴西,捷克斯洛伐克,2,1,109,30,73,11,229,44,0.669724771,0.366666667,2.100917431,1.466666667,1
巴西,意大利,1,2,109,83,73,45,229,128,0.669724771,0.542168675,2.100917431,1.542168675,0
匈牙利,瑞典,5,1,32,51,15,19,87,80,0.46875,0.37254902,2.71875,1.568627451,1
巴西,瑞典,4,2,109,51,73,19,229,80,0.669724771,0.37254902,2.100917431,1.568627451,1
匈牙利,意大利,2,4,32,83,15,45,87,128,0.46875,0.542168675,2.71875,1.542168675,0
巴西,墨西哥,4,0,109,57,73,16,229,60,0.669724771,0.280701754,2.100917431,1.052631579,1
智利,英格兰,0,2,33,69,11,29,40,91,0.333333333,0.420289855,1.212121212,1.31884058,0
意大利,瑞典,2,3,83,51,45,19,128,80,0.542168675,0.37254902,1.542168675,1.568627451,0
西班牙,美国,3,1,63,33,30,8,99,37,0.476190476,0.242424242,1.571428571,1.121212121,1
瑞士,南斯拉夫,0,3,37,33,12,14,50,55,0.324324324,0.424242424,1.351351351,1.666666667,0
巴西,瑞士,2,2,109,37,73,12,229,50,0.669724771,0.324324324,2.100917431,1.351351351,-1
墨西哥,南斯拉夫,1,4,57,33,16,14,60,55,0.280701754,0.424242424,1.052631579,1.666666667,0
智利,西班牙,0,2,33,63,11,30,40,99,0.333333333,0.476190476,1.212121212,1.571428571,0
英格兰,美国,0,1,69,33,29,8,91,37,0.420289855,0.242424242,1.31884058,1.121212121,0
巴拉圭,瑞典,2,2,27,51,7,19,30,80,0.259259259,0.37254902,1.111111111,1.568627451,-1
巴西,南斯拉夫,2,0,109,33,73,14,229,55,0.669724771,0.424242424,2.100917431,1.666666667,1
玻利维亚,乌拉圭,0,8,6,56,0,24,1,87,0,0.428571429,0.166666667,1.553571429,0
智利,美国,5,2,33,33,11,8,40,37,0.333333333,0.242424242,1.212121212,1.121212121,1
英格兰,西班牙,0,1,69,63,29,30,91,99,0.420289855,0.476190476,1.31884058,1.571428571,0
意大利,巴拉圭,2,0,83,27,45,7,128,30,0.542168675,0.259259259,1.542168675,1.111111111,1
墨西哥,瑞士,1,2,57,37,16,12,60,50,0.280701754,0.324324324,1.052631579,1.351351351,0
巴西,瑞典,7,1,109,51,73,19,229,80,0.669724771,0.37254902,2.100917431,1.568627451,1
西班牙,乌拉圭,2,2,63,56,30,24,99,87,0.476190476,0.428571429,1.571428571,1.553571429,-1
巴西,西班牙,6,1,109,63,73,30,229,99,0.669724771,0.476190476,2.100917431,1.571428571,1
瑞典,乌拉圭,2,3,51,56,19,24,80,87,0.37254902,0.428571429,1.568627451,1.553571429,0
巴西,乌拉圭,1,2,109,56,73,24,229,87,0.669724771,0.428571429,2.100917431,1.553571429,0
西班牙,瑞典,1,3,63,51,30,19,99,80,0.476190476,0.37254902,1.571428571,1.568627451,0
奥地利,苏格兰,1,0,29,23,12,4,43,25,0.413793103,0.173913043,1.482758621,1.086956522,1
巴西,墨西哥,5,0,109,57,73,16,229,60,0.669724771,0.280701754,2.100917431,1.052631579,1
捷克斯洛伐克,乌拉圭,0,2,30,56,11,24,44,87,0.366666667,0.428571429,1.466666667,1.553571429,0
法国,南斯拉夫,0,1,66,33,34,14,120,55,0.515151515,0.424242424,1.818181818,1.666666667,0
比利时,英格兰,4,4,48,69,20,29,68,91,0.416666667,0.420289855,1.416666667,1.31884058,-1
德国,土耳其,4,1,109,10,67,5,226,20,0.614678899,0.5,2.073394495,2,1
匈牙利,朝鲜,9,0,32,12,15,1,87,11,0.46875,0.083333333,2.71875,0.916666667,1
瑞士,意大利,2,1,37,83,12,45,50,128,0.324324324,0.542168675,1.351351351,1.542168675,1
奥地利,捷克斯洛伐克,5,0,29,30,12,11,43,44,0.413793103,0.366666667,1.482758621,1.466666667,1
巴西,南斯拉夫,1,1,109,33,73,14,229,55,0.669724771,0.424242424,2.100917431,1.666666667,-1
法国,墨西哥,3,2,66,57,34,16,120,60,0.515151515,0.280701754,1.818181818,1.052631579,1
苏格兰,乌拉圭,0,7,23,56,4,24,25,87,0.173913043,0.428571429,1.086956522,1.553571429,0
比利时,意大利,1,4,48,83,20,45,68,128,0.416666667,0.542168675,1.416666667,1.542168675,0
德国,匈牙利,3,8,109,32,67,15,226,87,0.614678899,0.46875,2.073394495,2.71875,0
韩国,土耳其,0,7,29,10,6,5,29,20,0.206896552,0.5,1,2,0
瑞士,英格兰,0,2,37,69,12,29,50,91,0.324324324,0.420289855,1.351351351,1.31884058,0
德国,土耳其,7,2,109,10,67,5,226,20,0.614678899,0.5,2.073394495,2,1
瑞士,意大利,4,1,37,83,12,45,50,128,0.324324324,0.542168675,1.351351351,1.542168675,1
英格兰,乌拉圭,2,4,69,56,29,24,91,87,0.420289855,0.428571429,1.31884058,1.553571429,0
瑞士,奥地利,5,7,37,29,12,12,50,43,0.324324324,0.413793103,1.351351351,1.482758621,0
巴西,匈牙利,2,4,109,32,73,15,229,87,0.669724771,0.46875,2.100917431,2.71875,0
德国,南斯拉夫,2,0,109,33,67,14,226,55,0.614678899,0.424242424,2.073394495,1.666666667,1
奥地利,德国,1,6,29,109,12,67,43,226,0.413793103,0.614678899,1.482758621,2.073394495,0
匈牙利,乌拉圭,4,2,32,56,15,24,87,87,0.46875,0.428571429,2.71875,1.553571429,1
奥地利,乌拉圭,3,1,29,56,12,24,43,87,0.413793103,0.428571429,1.482758621,1.553571429,1
德国,匈牙利,3,2,109,32,67,15,226,87,0.614678899,0.46875,2.073394495,2.71875,1
阿根廷,德国,1,3,81,109,43,67,137,226,0.530864198,0.614678899,1.691358025,2.073394495,0
奥地利,巴西,0,3,29,109,12,73,43,229,0.413793103,0.669724771,1.482758621,2.100917431,0
捷克斯洛伐克,北爱尔兰,0,1,30,13,11,3,44,13,0.366666667,0.230769231,1.466666667,1,0
英格兰,俄罗斯,2,2,69,45,29,19,91,77,0.420289855,0.422222222,1.31884058,1.711111111,-1
法国,巴拉圭,7,3,66,27,34,7,120,30,0.515151515,0.259259259,1.818181818,1.111111111,1
匈牙利,威尔士,1,1,32,5,15,1,87,4,0.46875,0.2,2.71875,0.8,-1
苏格兰,南斯拉夫,1,1,23,33,4,14,25,55,0.173913043,0.424242424,1.086956522,1.666666667,-1
瑞典,墨西哥,3,0,51,57,19,16,80,60,0.37254902,0.280701754,1.568627451,1.052631579,1
阿根廷,北爱尔兰,3,1,81,13,43,3,137,13,0.530864198,0.230769231,1.691358025,1,1
奥地利,俄罗斯,0,2,29,45,12,19,43,77,0.413793103,0.422222222,1.482758621,1.711111111,0
巴西,英格兰,0,0,109,69,73,29,229,91,0.669724771,0.420289855,2.100917431,1.31884058,-1
捷克斯洛伐克,德国,2,2,30,109,11,67,44,226,0.366666667,0.614678899,1.466666667,2.073394495,-1
法国,南斯拉夫,2,3,66,33,34,14,120,55,0.515151515,0.424242424,1.818181818,1.666666667,0
墨西哥,威尔士,1,1,57,5,16,1,60,4,0.280701754,0.2,1.052631579,0.8,-1
巴拉圭,苏格兰,3,2,27,23,7,4,30,25,0.259259259,0.173913043,1.111111111,1.086956522,1
瑞典,匈牙利,2,1,51,32,19,15,80,87,0.37254902,0.46875,1.568627451,2.71875,1
阿根廷,捷克斯洛伐克,1,6,81,30,43,11,137,44,0.530864198,0.366666667,1.691358025,1.466666667,0
奥地利,英格兰,2,2,29,69,12,29,43,91,0.413793103,0.420289855,1.482758621,1.31884058,-1
巴西,俄罗斯,2,0,109,45,73,19,229,77,0.669724771,0.422222222,2.100917431,1.711111111,1
法国,苏格兰,2,1,66,23,34,4,120,25,0.515151515,0.173913043,1.818181818,1.086956522,1
德国,北爱尔兰,2,2,109,13,67,3,226,13,0.614678899,0.230769231,2.073394495,1,-1
匈牙利,墨西哥,4,0,32,57,15,16,87,60,0.46875,0.280701754,2.71875,1.052631579,1
巴拉圭,南斯拉夫,3,3,27,33,7,14,30,55,0.259259259,0.424242424,1.111111111,1.666666667,-1
瑞典,威尔士,0,0,51,5,19,1,80,4,0.37254902,0.2,1.568627451,0.8,-1
捷克斯洛伐克,北爱尔兰,1,2,30,13,11,3,44,13,0.366666667,0.230769231,1.466666667,1,0
英格兰,俄罗斯,0,1,69,45,29,19,91,77,0.420289855,0.422222222,1.31884058,1.711111111,0
匈牙利,威尔士,1,2,32,5,15,1,87,4,0.46875,0.2,2.71875,0.8,0
巴西,威尔士,1,0,109,5,73,1,229,4,0.669724771,0.2,2.100917431,0.8,1
法国,北爱尔兰,4,0,66,13,34,3,120,13,0.515151515,0.230769231,1.818181818,1,1
德国,南斯拉夫,1,0,109,33,67,14,226,55,0.614678899,0.424242424,2.073394495,1.666666667,1
瑞典,俄罗斯,2,0,51,45,19,19,80,77,0.37254902,0.422222222,1.568627451,1.711111111,1
巴西,法国,5,2,109,66,73,34,229,120,0.669724771,0.515151515,2.100917431,1.818181818,1
瑞典,德国,3,1,51,109,19,67,80,226,0.37254902,0.614678899,1.568627451,2.073394495,1
法国,德国,6,3,66,109,34,67,120,226,0.515151515,0.614678899,1.818181818,2.073394495,1
瑞典,巴西,2,5,51,109,19,73,80,229,0.37254902,0.669724771,1.568627451,2.100917431,0
阿根廷,保加利亚,1,0,81,26,43,3,137,22,0.530864198,0.115384615,1.691358025,0.846153846,1
巴西,墨西哥,2,0,109,57,73,16,229,60,0.669724771,0.280701754,2.100917431,1.052631579,1
智利,瑞士,3,1,33,37,11,12,40,50,0.333333333,0.324324324,1.212121212,1.351351351,1
哥伦比亚,乌拉圭,1,2,22,56,9,24,32,87,0.409090909,0.428571429,1.454545455,1.553571429,0
捷克斯洛伐克,西班牙,1,0,30,63,11,30,44,99,0.366666667,0.476190476,1.466666667,1.571428571,1
英格兰,匈牙利,1,2,69,32,29,15,91,87,0.420289855,0.46875,1.31884058,2.71875,0
德国,意大利,0,0,109,83,67,45,226,128,0.614678899,0.542168675,2.073394495,1.542168675,-1
俄罗斯,南斯拉夫,2,0,45,33,19,14,77,55,0.422222222,0.424242424,1.711111111,1.666666667,1
阿根廷,英格兰,1,3,81,69,43,29,137,91,0.530864198,0.420289855,1.691358025,1.31884058,0
巴西,捷克斯洛伐克,0,0,109,30,73,11,229,44,0.669724771,0.366666667,2.100917431,1.466666667,-1
智利,意大利,2,0,33,83,11,45,40,128,0.333333333,0.542168675,1.212121212,1.542168675,1
乌拉圭,南斯拉夫,1,3,56,33,24,14,87,55,0.428571429,0.424242424,1.553571429,1.666666667,0
保加利亚,匈牙利,1,6,26,32,3,15,22,87,0.115384615,0.46875,0.846153846,2.71875,0
哥伦比亚,俄罗斯,4,4,22,45,9,19,32,77,0.409090909,0.422222222,1.454545455,1.711111111,-1
德国,瑞士,2,1,109,37,67,12,226,50,0.614678899,0.324324324,2.073394495,1.351351351,1
墨西哥,西班牙,0,1,57,63,16,30,60,99,0.280701754,0.476190476,1.052631579,1.571428571,0
阿根廷,匈牙利,0,0,81,32,43,15,137,87,0.530864198,0.46875,1.691358025,2.71875,-1
巴西,西班牙,2,1,109,63,73,30,229,99,0.669724771,0.476190476,2.100917431,1.571428571,1
智利,德国,0,2,33,109,11,67,40,226,0.333333333,0.614678899,1.212121212,2.073394495,0
俄罗斯,乌拉圭,2,1,45,56,19,24,77,87,0.422222222,0.428571429,1.711111111,1.553571429,1
保加利亚,英格兰,0,0,26,69,3,29,22,91,0.115384615,0.420289855,0.846153846,1.31884058,-1
哥伦比亚,南斯拉夫,0,5,22,33,9,14,32,55,0.409090909,0.424242424,1.454545455,1.666666667,0
捷克斯洛伐克,墨西哥,1,3,30,57,11,16,44,60,0.366666667,0.280701754,1.466666667,1.052631579,0
意大利,瑞士,3,0,83,37,45,12,128,50,0.542168675,0.324324324,1.542168675,1.351351351,1
巴西,英格兰,3,1,109,69,73,29,229,91,0.669724771,0.420289855,2.100917431,1.31884058,1
智利,俄罗斯,2,1,33,45,11,19,40,77,0.333333333,0.422222222,1.212121212,1.711111111,1
捷克斯洛伐克,匈牙利,1,0,30,32,11,15,44,87,0.366666667,0.46875,1.466666667,2.71875,1
德国,南斯拉夫,0,1,109,33,67,14,226,55,0.614678899,0.424242424,2.073394495,1.666666667,0
智利,巴西,2,4,33,109,11,73,40,229,0.333333333,0.669724771,1.212121212,2.100917431,0
捷克斯洛伐克,南斯拉夫,3,1,30,33,11,14,44,55,0.366666667,0.424242424,1.466666667,1.666666667,1
智利,南斯拉夫,1,0,33,33,11,14,40,55,0.333333333,0.424242424,1.212121212,1.666666667,1
巴西,捷克斯洛伐克,3,1,109,30,73,11,229,44,0.669724771,0.366666667,2.100917431,1.466666667,1
英格兰,乌拉圭,0,0,69,56,29,24,91,87,0.420289855,0.428571429,1.31884058,1.553571429,-1
巴西,保加利亚,2,0,109,26,73,3,229,22,0.669724771,0.115384615,2.100917431,0.846153846,1
德国,瑞士,5,0,109,37,67,12,226,50,0.614678899,0.324324324,2.073394495,1.351351351,1
朝鲜,俄罗斯,0,3,12,45,1,19,11,77,0.083333333,0.422222222,0.916666667,1.711111111,0
阿根廷,西班牙,2,1,81,63,43,30,137,99,0.530864198,0.476190476,1.691358025,1.571428571,1
智利,意大利,0,2,33,83,11,45,40,128,0.333333333,0.542168675,1.212121212,1.542168675,0
法国,墨西哥,1,1,66,57,34,16,120,60,0.515151515,0.280701754,1.818181818,1.052631579,-1
匈牙利,葡萄牙,1,3,32,30,15,14,87,49,0.46875,0.466666667,2.71875,1.633333333,0
巴西,匈牙利,1,3,109,32,73,15,229,87,0.669724771,0.46875,2.100917431,2.71875,0
智利,朝鲜,1,1,33,12,11,1,40,11,0.333333333,0.083333333,1.212121212,0.916666667,-1
法国,乌拉圭,1,2,66,56,34,24,120,87,0.515151515,0.428571429,1.818181818,1.553571429,0
西班牙,瑞士,2,1,63,37,30,12,99,50,0.476190476,0.324324324,1.571428571,1.351351351,1
阿根廷,德国,0,0,81,109,43,67,137,226,0.530864198,0.614678899,1.691358025,2.073394495,-1
保加利亚,葡萄牙,0,3,26,30,3,14,22,49,0.115384615,0.466666667,0.846153846,1.633333333,0
英格兰,墨西哥,2,0,69,57,29,16,91,60,0.420289855,0.280701754,1.31884058,1.052631579,1
意大利,俄罗斯,0,1,83,45,45,19,128,77,0.542168675,0.422222222,1.542168675,1.711111111,0
阿根廷,瑞士,2,0,81,37,43,12,137,50,0.530864198,0.324324324,1.691358025,1.351351351,1
巴西,葡萄牙,1,3,109,30,73,14,229,49,0.669724771,0.466666667,2.100917431,1.633333333,0
意大利,朝鲜,0,1,83,12,45,1,128,11,0.542168675,0.083333333,1.542168675,0.916666667,0
墨西哥,乌拉圭,0,0,57,56,16,24,60,87,0.280701754,0.428571429,1.052631579,1.553571429,-1
保加利亚,匈牙利,1,3,26,32,3,15,22,87,0.115384615,0.46875,0.846153846,2.71875,0
智利,俄罗斯,1,2,33,45,11,19,40,77,0.333333333,0.422222222,1.212121212,1.711111111,0
英格兰,法国,2,0,69,66,29,34,91,120,0.420289855,0.515151515,1.31884058,1.818181818,1
德国,西班牙,2,1,109,63,67,30,226,99,0.614678899,0.476190476,2.073394495,1.571428571,1
英格兰,阿根廷,1,0,69,81,29,43,91,137,0.420289855,0.530864198,1.31884058,1.691358025,1
德国,乌拉圭,4,0,109,56,67,24,226,87,0.614678899,0.428571429,2.073394495,1.553571429,1
匈牙利,俄罗斯,1,2,32,45,15,19,87,77,0.46875,0.422222222,2.71875,1.711111111,0
朝鲜,葡萄牙,3,5,12,30,1,14,11,49,0.083333333,0.466666667,0.916666667,1.633333333,0
德国,俄罗斯,2,1,109,45,67,19,226,77,0.614678899,0.422222222,2.073394495,1.711111111,1
英格兰,葡萄牙,2,1,69,30,29,14,91,49,0.420289855,0.466666667,1.31884058,1.633333333,1
葡萄牙,俄罗斯,2,1,30,45,14,19,49,77,0.466666667,0.422222222,1.633333333,1.711111111,1
英格兰,德国,4,2,69,109,29,67,91,226,0.420289855,0.614678899,1.31884058,2.073394495,1
墨西哥,俄罗斯,0,0,57,45,16,19,60,77,0.280701754,0.422222222,1.052631579,1.711111111,-1
保加利亚,秘鲁,2,3,26,18,3,5,22,21,0.115384615,0.277777778,0.846153846,1.166666667,0
英格兰,罗马尼亚,1,0,69,21,29,8,91,30,0.420289855,0.380952381,1.31884058,1.428571429,1
以色列,乌拉圭,0,2,3,56,0,24,1,87,0,0.428571429,0.333333333,1.553571429,0
比利时,萨尔瓦多,3,0,48,6,20,0,68,1,0.416666667,0,1.416666667,0.166666667,1
巴西,捷克斯洛伐克,4,1,109,30,73,11,229,44,0.669724771,0.366666667,2.100917431,1.466666667,1
德国,摩洛哥,2,1,109,16,67,2,226,14,0.614678899,0.125,2.073394495,0.875,1
意大利,瑞典,1,0,83,51,45,19,128,80,0.542168675,0.37254902,1.542168675,1.568627451,1
比利时,俄罗斯,1,4,48,45,20,19,68,77,0.416666667,0.422222222,1.416666667,1.711111111,0
捷克斯洛伐克,罗马尼亚,1,2,30,21,11,8,44,30,0.366666667,0.380952381,1.466666667,1.428571429,0
意大利,乌拉圭,0,0,83,56,45,24,128,87,0.542168675,0.428571429,1.542168675,1.553571429,-1
摩洛哥,秘鲁,0,3,16,18,2,5,14,21,0.125,0.277777778,0.875,1.166666667,0
巴西,英格兰,1,0,109,69,73,29,229,91,0.669724771,0.420289855,2.100917431,1.31884058,1
保加利亚,德国,2,5,26,109,3,67,22,226,0.115384615,0.614678899,0.846153846,2.073394495,0
以色列,瑞典,1,1,3,51,0,19,1,80,0,0.37254902,0.333333333,1.568627451,-1
墨西哥,萨尔瓦多,4,0,57,6,16,0,60,1,0.280701754,0,1.052631579,0.166666667,1
巴西,罗马尼亚,3,2,109,21,73,8,229,30,0.669724771,0.380952381,2.100917431,1.428571429,1
萨尔瓦多,俄罗斯,0,2,6,45,0,19,1,77,0,0.422222222,0.166666667,1.711111111,0
德国,秘鲁,3,1,109,18,67,5,226,21,0.614678899,0.277777778,2.073394495,1.166666667,1
瑞典,乌拉圭,1,0,51,56,19,24,80,87,0.37254902,0.428571429,1.568627451,1.553571429,1
保加利亚,摩洛哥,1,1,26,16,3,2,22,14,0.115384615,0.125,0.846153846,0.875,-1
捷克斯洛伐克,英格兰,0,1,30,69,11,29,44,91,0.366666667,0.420289855,1.466666667,1.31884058,0
以色列,意大利,0,0,3,83,0,45,1,128,0,0.542168675,0.333333333,1.542168675,-1
墨西哥,比利时,1,0,57,48,16,20,60,68,0.280701754,0.416666667,1.052631579,1.416666667,1
巴西,秘鲁,4,2,109,18,73,5,229,21,0.669724771,0.277777778,2.100917431,1.166666667,1
英格兰,德国,2,3,69,109,29,67,91,226,0.420289855,0.614678899,1.31884058,2.073394495,0
墨西哥,意大利,1,4,57,83,16,45,60,128,0.280701754,0.542168675,1.052631579,1.542168675,0
俄罗斯,乌拉圭,0,1,45,56,19,24,77,87,0.422222222,0.428571429,1.711111111,1.553571429,0
巴西,乌拉圭,3,1,109,56,73,24,229,87,0.669724771,0.428571429,2.100917431,1.553571429,1
德国,意大利,3,4,109,83,67,45,226,128,0.614678899,0.542168675,2.073394495,1.542168675,0
德国,乌拉圭,1,0,109,56,67,24,226,87,0.614678899,0.428571429,2.073394495,1.553571429,1
巴西,意大利,4,1,109,83,73,45,229,128,0.669724771,0.542168675,2.100917431,1.542168675,1
巴西,南斯拉夫,0,0,109,33,73,14,229,55,0.669724771,0.424242424,2.100917431,1.666666667,-1
刚果民主共和国,苏格兰,0,2,2,23,0,4,0,25,0,0.173913043,0,1.086956522,0
民主德国,澳大利亚,2,0,6,16,2,2,5,13,0.333333333,0.125,0.833333333,0.8125,1
德国,智利,1,0,109,33,67,11,226,40,0.614678899,0.333333333,2.073394495,1.212121212,1
意大利,海地,3,1,83,3,45,0,128,2,0.542168675,0,1.542168675,0.666666667,1
波兰,阿根廷,3,2,34,81,16,43,46,137,0.470588235,0.530864198,1.352941176,1.691358025,1
瑞典,保加利亚,0,0,51,26,19,3,80,22,0.37254902,0.115384615,1.568627451,0.846153846,-1
乌拉圭,荷兰,0,2,56,50,24,27,87,86,0.428571429,0.54,1.553571429,1.72,0
智利,民主德国,1,1,33,6,11,2,40,5,0.333333333,0.333333333,1.212121212,0.833333333,-1
德国,澳大利亚,3,0,109,16,67,2,226,13,0.614678899,0.125,2.073394495,0.8125,1
苏格兰,巴西,0,0,23,109,4,73,25,229,0.173913043,0.669724771,1.086956522,2.100917431,-1
南斯拉夫,刚果（金）,9,0,33,1,14,0,55,0,0.424242424,0,1.666666667,0,1
阿根廷,意大利,1,1,81,83,43,45,137,128,0.530864198,0.542168675,1.691358025,1.542168675,-1
保加利亚,乌拉圭,1,1,26,56,3,24,22,87,0.115384615,0.428571429,0.846153846,1.553571429,-1
海地,波兰,0,7,3,34,0,16,2,46,0,0.470588235,0.666666667,1.352941176,0
荷兰,瑞典,0,0,50,51,27,19,86,80,0.54,0.37254902,1.72,1.568627451,-1
澳大利亚,智利,0,0,16,33,2,11,13,40,0.125,0.333333333,0.8125,1.212121212,-1
刚果民主共和国,巴西,0,3,2,109,0,73,0,229,0,0.669724771,0,2.100917431,0
德国,民主德国,0,1,109,6,67,2,226,5,0.614678899,0.333333333,2.073394495,0.833333333,0
苏格兰,南斯拉夫,1,1,23,33,4,14,25,55,0.173913043,0.424242424,1.086956522,1.666666667,-1
阿根廷,海地,4,1,81,3,43,0,137,2,0.530864198,0,1.691358025,0.666666667,1
保加利亚,荷兰,1,4,26,50,3,27,22,86,0.115384615,0.54,0.846153846,1.72,0
波兰,意大利,2,1,34,83,16,45,46,128,0.470588235,0.542168675,1.352941176,1.542168675,1
瑞典,乌拉圭,3,0,51,56,19,24,80,87,0.37254902,0.428571429,1.568627451,1.553571429,1
巴西,民主德国,1,0,109,6,73,2,229,5,0.669724771,0.333333333,2.100917431,0.833333333,1
德国,南斯拉夫,2,0,109,33,67,14,226,55,0.614678899,0.424242424,2.073394495,1.666666667,1
荷兰,阿根廷,4,0,50,81,27,43,86,137,0.54,0.530864198,1.72,1.691358025,1
瑞典,波兰,0,1,51,34,19,16,80,46,0.37254902,0.470588235,1.568627451,1.352941176,0
阿根廷,巴西,1,2,81,109,43,73,137,229,0.530864198,0.669724771,1.691358025,2.100917431,0
民主德国,荷兰,0,2,6,50,2,27,5,86,0.333333333,0.54,0.833333333,1.72,0
德国,瑞典,4,2,109,51,67,19,226,80,0.614678899,0.37254902,2.073394495,1.568627451,1
波兰,南斯拉夫,2,1,34,33,16,14,46,55,0.470588235,0.424242424,1.352941176,1.666666667,1
阿根廷,民主德国,1,1,81,6,43,2,137,5,0.530864198,0.333333333,1.691358025,0.833333333,-1
德国,波兰,1,0,109,34,67,16,226,46,0.614678899,0.470588235,2.073394495,1.352941176,1
荷兰,巴西,2,0,50,109,27,73,86,229,0.54,0.669724771,1.72,2.100917431,1
瑞典,南斯拉夫,2,1,51,33,19,14,80,55,0.37254902,0.424242424,1.568627451,1.666666667,1
巴西,波兰,0,1,109,34,73,16,229,46,0.669724771,0.470588235,2.100917431,1.352941176,0
德国,荷兰,2,1,109,50,67,27,226,86,0.614678899,0.54,2.073394495,1.72,1
德国,波兰,0,0,109,34,67,16,226,46,0.614678899,0.470588235,2.073394495,1.352941176,-1
阿根廷,匈牙利,2,1,81,32,43,15,137,87,0.530864198,0.46875,1.691358025,2.71875,1
法国,意大利,1,2,66,83,34,45,120,128,0.515151515,0.542168675,1.818181818,1.542168675,0
墨西哥,突尼斯,1,3,57,15,16,2,60,13,0.280701754,0.133333333,1.052631579,0.866666667,0
奥地利,西班牙,2,1,29,63,12,30,43,99,0.413793103,0.476190476,1.482758621,1.571428571,1
巴西,瑞典,1,1,109,51,73,19,229,80,0.669724771,0.37254902,2.100917431,1.568627451,-1
伊朗,荷兰,0,3,15,50,2,27,9,86,0.133333333,0.54,0.6,1.72,0
秘鲁,苏格兰,3,1,18,23,5,4,21,25,0.277777778,0.173913043,1.166666667,1.086956522,1
阿根廷,法国,2,1,81,66,43,34,137,120,0.530864198,0.515151515,1.691358025,1.818181818,1
德国,墨西哥,6,0,109,57,67,16,226,60,0.614678899,0.280701754,2.073394495,1.052631579,1
匈牙利,意大利,1,3,32,83,15,45,87,128,0.46875,0.542168675,2.71875,1.542168675,0
波兰,突尼斯,1,0,34,15,16,2,46,13,0.470588235,0.133333333,1.352941176,0.866666667,1
奥地利,瑞典,1,0,29,51,12,19,43,80,0.413793103,0.37254902,1.482758621,1.568627451,1
巴西,西班牙,0,0,109,63,73,30,229,99,0.669724771,0.476190476,2.100917431,1.571428571,-1
伊朗,苏格兰,1,1,15,23,2,4,9,25,0.133333333,0.173913043,0.6,1.086956522,-1
荷兰,秘鲁,0,0,50,18,27,5,86,21,0.54,0.277777778,1.72,1.166666667,-1
阿根廷,意大利,0,1,81,83,43,45,137,128,0.530864198,0.542168675,1.691358025,1.542168675,0
法国,匈牙利,3,1,66,32,34,15,120,87,0.515151515,0.46875,1.818181818,2.71875,1
德国,突尼斯,0,0,109,15,67,2,226,13,0.614678899,0.133333333,2.073394495,0.866666667,-1
墨西哥,波兰,1,3,57,34,16,16,60,46,0.280701754,0.470588235,1.052631579,1.352941176,0
奥地利,巴西,0,1,29,109,12,73,43,229,0.413793103,0.669724771,1.482758621,2.100917431,0
伊朗,秘鲁,1,4,15,18,2,5,9,21,0.133333333,0.277777778,0.6,1.166666667,0
荷兰,苏格兰,2,3,50,23,27,4,86,25,0.54,0.173913043,1.72,1.086956522,0
西班牙,瑞典,1,0,63,51,30,19,99,80,0.476190476,0.37254902,1.571428571,1.568627451,1
阿根廷,波兰,2,0,81,34,43,16,137,46,0.530864198,0.470588235,1.691358025,1.352941176,1
奥地利,荷兰,1,5,29,50,12,27,43,86,0.413793103,0.54,1.482758621,1.72,0
巴西,秘鲁,3,0,109,18,73,5,229,21,0.669724771,0.277777778,2.100917431,1.166666667,1
德国,意大利,0,0,109,83,67,45,226,128,0.614678899,0.542168675,2.073394495,1.542168675,-1
阿根廷,巴西,0,0,81,109,43,73,137,229,0.530864198,0.669724771,1.691358025,2.100917431,-1
奥地利,意大利,0,1,29,83,12,45,43,128,0.413793103,0.542168675,1.482758621,1.542168675,0
德国,荷兰,2,2,109,50,67,27,226,86,0.614678899,0.54,2.073394495,1.72,-1
秘鲁,波兰,0,1,18,34,5,16,21,46,0.277777778,0.470588235,1.166666667,1.352941176,0
阿根廷,秘鲁,6,0,81,18,43,5,137,21,0.530864198,0.277777778,1.691358025,1.166666667,1
奥地利,德国,3,2,29,109,12,67,43,226,0.413793103,0.614678899,1.482758621,2.073394495,1
巴西,波兰,3,1,109,34,73,16,229,46,0.669724771,0.470588235,2.100917431,1.352941176,1
意大利,荷兰,1,2,83,50,45,27,128,86,0.542168675,0.54,1.542168675,1.72,0
巴西,意大利,2,1,109,83,73,45,229,128,0.669724771,0.542168675,2.100917431,1.542168675,1
阿根廷,荷兰,3,1,81,50,43,27,137,86,0.530864198,0.54,1.691358025,1.72,1
阿根廷,比利时,0,1,81,48,43,20,137,68,0.530864198,0.416666667,1.691358025,1.416666667,0
巴西,俄罗斯,2,1,109,45,73,19,229,77,0.669724771,0.422222222,2.100917431,1.711111111,1
意大利,波兰,0,0,83,34,45,16,128,46,0.542168675,0.470588235,1.542168675,1.352941176,-1
匈牙利,萨尔瓦多,10,1,32,6,15,0,87,1,0.46875,0,2.71875,0.166666667,1
秘鲁,喀麦隆,0,0,18,23,5,4,21,18,0.277777778,0.173913043,1.166666667,0.782608696,-1
苏格兰,新西兰,5,2,23,6,4,0,25,4,0.173913043,0,1.086956522,0.666666667,1
英格兰,法国,3,1,69,66,29,34,91,120,0.420289855,0.515151515,1.31884058,1.818181818,1
德国,阿尔及利亚,1,2,109,13,67,3,226,13,0.614678899,0.230769231,2.073394495,1,0
西班牙,洪都拉斯,1,1,63,9,30,0,99,3,0.476190476,0,1.571428571,0.333333333,-1
智利,奥地利,0,1,33,29,11,12,40,43,0.333333333,0.413793103,1.212121212,1.482758621,0
捷克斯洛伐克,科威特,1,1,30,3,11,0,44,2,0.366666667,0,1.466666667,0.666666667,-1
南斯拉夫,北爱尔兰,0,0,33,13,14,3,55,13,0.424242424,0.230769231,1.666666667,1,-1
阿根廷,匈牙利,4,1,81,32,43,15,137,87,0.530864198,0.46875,1.691358025,2.71875,1
巴西,苏格兰,4,1,109,23,73,4,229,25,0.669724771,0.173913043,2.100917431,1.086956522,1
意大利,秘鲁,1,1,83,18,45,5,128,21,0.542168675,0.277777778,1.542168675,1.166666667,-1
比利时,萨尔瓦多,1,0,48,6,20,0,68,1,0.416666667,0,1.416666667,0.166666667,1
波兰,喀麦隆,0,0,34,23,16,4,46,18,0.470588235,0.173913043,1.352941176,0.782608696,-1
俄罗斯,新西兰,3,0,45,6,19,0,77,4,0.422222222,0,1.711111111,0.666666667,1
英格兰,捷克斯洛伐克,2,0,69,30,29,11,91,44,0.420289855,0.366666667,1.31884058,1.466666667,1
德国,智利,4,1,109,33,67,11,226,40,0.614678899,0.333333333,2.073394495,1.212121212,1
西班牙,南斯拉夫,2,1,63,33,30,14,99,55,0.476190476,0.424242424,1.571428571,1.666666667,1
阿尔及利亚,奥地利,0,2,13,29,3,12,13,43,0.230769231,0.413793103,1,1.482758621,0
法国,科威特,4,1,66,3,34,0,120,2,0.515151515,0,1.818181818,0.666666667,1
洪都拉斯,北爱尔兰,1,1,9,13,0,3,3,13,0,0.230769231,0.333333333,1,-1
比利时,匈牙利,1,1,48,32,20,15,68,87,0.416666667,0.46875,1.416666667,2.71875,-1
波兰,秘鲁,5,1,34,18,16,5,46,21,0.470588235,0.277777778,1.352941176,1.166666667,1
俄罗斯,苏格兰,2,2,45,23,19,4,77,25,0.422222222,0.173913043,1.711111111,1.086956522,-1
阿根廷,萨尔瓦多,2,0,81,6,43,0,137,1,0.530864198,0,1.691358025,0.166666667,1
巴西,新西兰,4,0,109,6,73,0,229,4,0.669724771,0,2.100917431,0.666666667,1
意大利,喀麦隆,1,1,83,23,45,4,128,18,0.542168675,0.173913043,1.542168675,0.782608696,-1
阿尔及利亚,智利,3,2,13,33,3,11,13,40,0.230769231,0.333333333,1,1.212121212,1
法国,捷克斯洛伐克,1,1,66,30,34,11,120,44,0.515151515,0.366666667,1.818181818,1.466666667,-1
洪都拉斯,南斯拉夫,0,1,9,33,0,14,3,55,0,0.424242424,0.333333333,1.666666667,0
英格兰,科威特,1,0,69,3,29,0,91,2,0.420289855,0,1.31884058,0.666666667,1
德国,奥地利,1,0,109,29,67,12,226,43,0.614678899,0.413793103,2.073394495,1.482758621,1
西班牙,北爱尔兰,0,1,63,13,30,3,99,13,0.476190476,0.230769231,1.571428571,1,0
奥地利,法国,0,1,29,66,12,34,43,120,0.413793103,0.515151515,1.482758621,1.818181818,0
波兰,比利时,3,0,34,48,16,20,46,68,0.470588235,0.416666667,1.352941176,1.416666667,1
德国,英格兰,0,0,109,69,67,29,226,91,0.614678899,0.420289855,2.073394495,1.31884058,-1
意大利,阿根廷,2,1,83,81,45,43,128,137,0.542168675,0.530864198,1.542168675,1.691358025,1
奥地利,北爱尔兰,2,2,29,13,12,3,43,13,0.413793103,0.230769231,1.482758621,1,-1
比利时,俄罗斯,0,1,48,45,20,19,68,77,0.416666667,0.422222222,1.416666667,1.711111111,0
阿根廷,巴西,1,3,81,109,43,73,137,229,0.530864198,0.669724771,1.691358025,2.100917431,0
西班牙,德国,1,2,63,109,30,67,99,226,0.476190476,0.614678899,1.571428571,2.073394495,0
法国,北爱尔兰,4,1,66,13,34,3,120,13,0.515151515,0.230769231,1.818181818,1,1
波兰,俄罗斯,0,0,34,45,16,19,46,77,0.470588235,0.422222222,1.352941176,1.711111111,-1
意大利,巴西,3,2,83,109,45,73,128,229,0.542168675,0.669724771,1.542168675,2.100917431,1
西班牙,英格兰,0,0,63,69,30,29,99,91,0.476190476,0.420289855,1.571428571,1.31884058,-1
德国,法国,3,3,109,66,67,34,226,120,0.614678899,0.515151515,2.073394495,1.818181818,-1
波兰,意大利,0,2,34,83,16,45,46,128,0.470588235,0.542168675,1.352941176,1.542168675,0
波兰,法国,3,2,34,66,16,34,46,120,0.470588235,0.515151515,1.352941176,1.818181818,1
意大利,德国,3,1,83,109,45,67,128,226,0.542168675,0.614678899,1.542168675,2.073394495,1
保加利亚,意大利,1,1,26,83,3,45,22,128,0.115384615,0.542168675,0.846153846,1.542168675,-1
加拿大,法国,0,1,3,66,0,34,0,120,0,0.515151515,0,1.818181818,0
西班牙,巴西,0,1,63,109,30,73,99,229,0.476190476,0.669724771,1.571428571,2.100917431,0
阿根廷,朝鲜,3,1,81,12,43,1,137,11,0.530864198,0.083333333,1.691358025,0.916666667,1
摩洛哥,波兰,0,0,16,34,2,16,14,46,0.125,0.470588235,0.875,1.352941176,-1
俄罗斯,匈牙利,6,0,45,32,19,15,77,87,0.422222222,0.46875,1.711111111,2.71875,1
阿尔及利亚,北爱尔兰,1,1,13,13,3,3,13,13,0.230769231,0.230769231,1,1,-1
墨西哥,比利时,2,1,57,48,16,20,60,68,0.280701754,0.416666667,1.052631579,1.416666667,1
葡萄牙,英格兰,1,0,30,69,14,29,49,91,0.466666667,0.420289855,1.633333333,1.31884058,1
巴拉圭,伊拉克,1,0,27,3,7,0,30,1,0.259259259,0,1.111111111,0.333333333,1
苏格兰,丹麦,0,1,23,20,4,9,25,30,0.173913043,0.45,1.086956522,1.5,0
乌拉圭,德国,1,1,56,109,24,67,87,226,0.428571429,0.614678899,1.553571429,2.073394495,-1
法国,俄罗斯,1,1,66,45,34,19,120,77,0.515151515,0.422222222,1.818181818,1.711111111,-1
意大利,阿根廷,1,1,83,81,45,43,128,137,0.542168675,0.530864198,1.542168675,1.691358025,-1
韩国,保加利亚,1,1,29,26,6,3,29,22,0.206896552,0.115384615,1,0.846153846,-1
巴西,阿尔及利亚,1,0,109,13,73,3,229,13,0.669724771,0.230769231,2.100917431,1,1
英格兰,摩洛哥,0,0,69,16,29,2,91,14,0.420289855,0.125,1.31884058,0.875,-1
匈牙利,加拿大,2,0,32,3,15,0,87,0,0.46875,0,2.71875,0,1
墨西哥,巴拉圭,1,1,57,27,16,7,60,30,0.280701754,0.259259259,1.052631579,1.111111111,-1
北爱尔兰,西班牙,1,2,13,63,3,30,13,99,0.230769231,0.476190476,1,1.571428571,0
波兰,葡萄牙,1,0,34,30,16,14,46,49,0.470588235,0.466666667,1.352941176,1.633333333,1
丹麦,乌拉圭,6,1,20,56,9,24,30,87,0.45,0.428571429,1.5,1.553571429,1
德国,苏格兰,2,1,109,23,67,4,226,25,0.614678899,0.173913043,2.073394495,1.086956522,1
伊拉克,比利时,1,2,3,48,0,20,1,68,0,0.416666667,0.333333333,1.416666667,0
匈牙利,法国,0,3,32,66,15,34,87,120,0.46875,0.515151515,2.71875,1.818181818,0
俄罗斯,加拿大,2,0,45,3,19,0,77,0,0.422222222,0,1.711111111,0,1
阿根廷,保加利亚,2,0,81,26,43,3,137,22,0.530864198,0.115384615,1.691358025,0.846153846,1
韩国,意大利,2,3,29,83,6,45,29,128,0.206896552,0.542168675,1,1.542168675,0
英格兰,波兰,3,0,69,34,29,16,91,46,0.420289855,0.470588235,1.31884058,1.352941176,1
墨西哥,伊拉克,1,0,57,3,16,0,60,1,0.280701754,0,1.052631579,0.333333333,1
巴拉圭,比利时,2,2,27,48,7,20,30,68,0.259259259,0.416666667,1.111111111,1.416666667,-1
葡萄牙,摩洛哥,1,3,30,16,14,2,49,14,0.466666667,0.125,1.633333333,0.875,0
阿尔及利亚,西班牙,0,3,13,63,3,30,13,99,0.230769231,0.476190476,1,1.571428571,0
北爱尔兰,巴西,0,3,13,109,3,73,13,229,0.230769231,0.669724771,1,2.100917431,0
丹麦,德国,2,0,20,109,9,67,30,226,0.45,0.614678899,1.5,2.073394495,1
苏格兰,乌拉圭,0,0,23,56,4,24,25,87,0.173913043,0.428571429,1.086956522,1.553571429,-1
墨西哥,保加利亚,2,0,57,26,16,3,60,22,0.280701754,0.115384615,1.052631579,0.846153846,1
俄罗斯,比利时,3,4,45,48,19,20,77,68,0.422222222,0.416666667,1.711111111,1.416666667,0
阿根廷,乌拉圭,1,0,81,56,43,24,137,87,0.530864198,0.428571429,1.691358025,1.553571429,1
巴西,波兰,4,0,109,34,73,16,229,46,0.669724771,0.470588235,2.100917431,1.352941176,1
意大利,法国,0,2,83,66,45,34,128,120,0.542168675,0.515151515,1.542168675,1.818181818,0
摩洛哥,德国,0,1,16,109,2,67,14,226,0.125,0.614678899,0.875,2.073394495,0
丹麦,西班牙,1,5,20,63,9,30,30,99,0.45,0.476190476,1.5,1.571428571,0
英格兰,巴拉圭,3,0,69,27,29,7,91,30,0.420289855,0.259259259,1.31884058,1.111111111,1
巴西,法国,1,1,109,66,73,34,229,120,0.669724771,0.515151515,2.100917431,1.818181818,-1
墨西哥,德国,0,0,57,109,16,67,60,226,0.280701754,0.614678899,1.052631579,2.073394495,-1
阿根廷,英格兰,2,1,81,69,43,29,137,91,0.530864198,0.420289855,1.691358025,1.31884058,1
西班牙,比利时,1,1,63,48,30,20,99,68,0.476190476,0.416666667,1.571428571,1.416666667,-1
阿根廷,比利时,2,0,81,48,43,20,137,68,0.530864198,0.416666667,1.691358025,1.416666667,1
法国,德国,0,2,66,109,34,67,120,226,0.515151515,0.614678899,1.818181818,2.073394495,0
法国,比利时,4,2,66,48,34,20,120,68,0.515151515,0.416666667,1.818181818,1.416666667,1
阿根廷,德国,3,2,81,109,43,67,137,226,0.530864198,0.614678899,1.691358025,2.073394495,1
阿根廷,喀麦隆,0,1,81,23,43,4,137,18,0.530864198,0.173913043,1.691358025,0.782608696,0
意大利,奥地利,1,0,83,29,45,12,128,43,0.542168675,0.413793103,1.542168675,1.482758621,1
俄罗斯,罗马尼亚,0,2,45,21,19,8,77,30,0.422222222,0.380952381,1.711111111,1.428571429,0
阿拉伯联合酋长国,哥伦比亚,0,2,3,22,0,9,2,32,0,0.409090909,0.666666667,1.454545455,0
巴西,瑞典,2,1,109,51,73,19,229,80,0.669724771,0.37254902,2.100917431,1.568627451,1
德国,南斯拉夫,4,1,109,33,67,14,226,55,0.614678899,0.424242424,2.073394495,1.666666667,1
美国,捷克斯洛伐克,1,5,33,30,8,11,37,44,0.242424242,0.366666667,1.121212121,1.466666667,0
哥斯达黎加,苏格兰,1,0,18,23,5,4,19,25,0.277777778,0.173913043,1.055555556,1.086956522,1
英格兰,爱尔兰,1,1,69,13,29,2,91,10,0.420289855,0.153846154,1.31884058,0.769230769,-1
比利时,朝鲜,2,0,48,12,20,1,68,11,0.416666667,0.083333333,1.416666667,0.916666667,1
荷兰,埃及,1,1,50,7,27,0,86,5,0.54,0,1.72,0.714285714,-1
阿根廷,俄罗斯,2,0,81,45,43,19,137,77,0.530864198,0.422222222,1.691358025,1.711111111,1
乌拉圭,西班牙,0,0,56,63,24,30,87,99,0.428571429,0.476190476,1.553571429,1.571428571,-1
喀麦隆,罗马尼亚,2,1,23,21,4,8,18,30,0.173913043,0.380952381,0.782608696,1.428571429,1
意大利,美国,1,0,83,33,45,8,128,37,0.542168675,0.242424242,1.542168675,1.121212121,1
南斯拉夫,哥伦比亚,1,0,33,22,14,9,55,32,0.424242424,0.409090909,1.666666667,1.454545455,1
奥地利,捷克斯洛伐克,0,1,29,30,12,11,43,44,0.413793103,0.366666667,1.482758621,1.466666667,0
德国,阿拉伯联合酋长国,5,1,109,3,67,0,226,2,0.614678899,0,2.073394495,0.666666667,1
巴西,哥斯达黎加,1,0,109,18,73,5,229,19,0.669724771,0.277777778,2.100917431,1.055555556,1
英格兰,荷兰,0,0,69,50,29,27,91,86,0.420289855,0.54,1.31884058,1.72,-1
瑞典,苏格兰,1,2,51,23,19,4,80,25,0.37254902,0.173913043,1.568627451,1.086956522,0
比利时,乌拉圭,3,1,48,56,20,24,68,87,0.416666667,0.428571429,1.416666667,1.553571429,1
爱尔兰,埃及,0,0,13,7,2,0,10,5,0.153846154,0,0.769230769,0.714285714,-1
韩国,西班牙,1,3,29,63,6,30,29,99,0.206896552,0.476190476,1,1.571428571,0
阿根廷,罗马尼亚,1,1,81,21,43,8,137,30,0.530864198,0.380952381,1.691358025,1.428571429,-1
喀麦隆,俄罗斯,0,4,23,45,4,19,18,77,0.173913043,0.422222222,0.782608696,1.711111111,0
奥地利,美国,2,1,29,33,12,8,43,37,0.413793103,0.242424242,1.482758621,1.121212121,1
德国,哥伦比亚,1,1,109,22,67,9,226,32,0.614678899,0.409090909,2.073394495,1.454545455,-1
意大利,捷克斯洛伐克,2,0,83,30,45,11,128,44,0.542168675,0.366666667,1.542168675,1.466666667,1
南斯拉夫,阿拉伯联合酋长国,4,1,33,3,14,0,55,2,0.424242424,0,1.666666667,0.666666667,1
巴西,苏格兰,1,0,109,23,73,4,229,25,0.669724771,0.173913043,2.100917431,1.086956522,1
瑞典,哥斯达黎加,1,2,51,18,19,5,80,19,0.37254902,0.277777778,1.568627451,1.055555556,0
比利时,西班牙,1,2,48,63,20,30,68,99,0.416666667,0.476190476,1.416666667,1.571428571,0
英格兰,埃及,1,0,69,7,29,0,91,5,0.420289855,0,1.31884058,0.714285714,1
爱尔兰,荷兰,1,1,13,50,2,27,10,86,0.153846154,0.54,0.769230769,1.72,-1
韩国,乌拉圭,0,1,29,56,6,24,29,87,0.206896552,0.428571429,1,1.553571429,0
喀麦隆,哥伦比亚,2,1,23,22,4,9,18,32,0.173913043,0.409090909,0.782608696,1.454545455,1
捷克斯洛伐克,哥斯达黎加,4,1,30,18,11,5,44,19,0.366666667,0.277777778,1.466666667,1.055555556,1
巴西,阿根廷,0,1,109,81,73,43,229,137,0.669724771,0.530864198,2.100917431,1.691358025,0
德国,荷兰,2,1,109,50,67,27,226,86,0.614678899,0.54,2.073394495,1.72,1
爱尔兰,罗马尼亚,0,0,13,21,2,8,10,30,0.153846154,0.380952381,0.769230769,1.428571429,-1
意大利,乌拉圭,2,0,83,56,45,24,128,87,0.542168675,0.428571429,1.542168675,1.553571429,1
英格兰,比利时,1,0,69,48,29,20,91,68,0.420289855,0.416666667,1.31884058,1.416666667,1
西班牙,南斯拉夫,1,2,63,33,30,14,99,55,0.476190476,0.424242424,1.571428571,1.666666667,0
意大利,爱尔兰,1,0,83,13,45,2,128,10,0.542168675,0.153846154,1.542168675,0.769230769,1
南斯拉夫,阿根廷,0,0,33,81,14,43,55,137,0.424242424,0.530864198,1.666666667,1.691358025,-1
喀麦隆,英格兰,2,3,23,69,4,29,18,91,0.173913043,0.420289855,0.782608696,1.31884058,0
德国,捷克斯洛伐克,1,0,109,30,67,11,226,44,0.614678899,0.366666667,2.073394495,1.466666667,1
意大利,阿根廷,1,1,83,81,45,43,128,137,0.542168675,0.530864198,1.542168675,1.691358025,-1
德国,英格兰,1,1,109,69,67,29,226,91,0.614678899,0.420289855,2.073394495,1.31884058,-1
意大利,英格兰,2,1,83,69,45,29,128,91,0.542168675,0.420289855,1.542168675,1.31884058,1
德国,阿根廷,1,0,109,81,67,43,226,137,0.614678899,0.530864198,2.073394495,1.691358025,1
德国,玻利维亚,1,0,109,6,67,0,226,1,0.614678899,0,2.073394495,0.166666667,1
西班牙,朝鲜,2,2,63,12,30,1,99,11,0.476190476,0.083333333,1.571428571,0.916666667,-1
哥伦比亚,罗马尼亚,1,3,22,21,9,8,32,30,0.409090909,0.380952381,1.454545455,1.428571429,0
意大利,爱尔兰,0,1,83,13,45,2,128,10,0.542168675,0.153846154,1.542168675,0.769230769,0
美国,瑞士,1,1,33,37,8,12,37,50,0.242424242,0.324324324,1.121212121,1.351351351,-1
比利时,摩洛哥,1,0,48,16,20,2,68,14,0.416666667,0.125,1.416666667,0.875,1
喀麦隆,瑞典,2,2,23,51,4,19,18,80,0.173913043,0.37254902,0.782608696,1.568627451,-1
挪威,墨西哥,1,0,8,57,2,16,7,60,0.25,0.280701754,0.875,1.052631579,1
巴西,俄罗斯,2,0,109,45,73,19,229,77,0.669724771,0.422222222,2.100917431,1.711111111,1
荷兰,沙特阿拉伯,2,1,50,16,27,3,86,11,0.54,0.1875,1.72,0.6875,1
阿根廷,希腊,4,0,81,10,43,2,137,5,0.530864198,0.2,1.691358025,0.5,1
德国,西班牙,1,1,109,63,67,30,226,99,0.614678899,0.476190476,2.073394495,1.571428571,-1
尼日利亚,保加利亚,3,0,21,26,6,3,23,22,0.285714286,0.115384615,1.095238095,0.846153846,1
罗马尼亚,瑞士,1,4,21,37,8,12,30,50,0.380952381,0.324324324,1.428571429,1.351351351,0
美国,哥伦比亚,2,1,33,22,8,9,37,32,0.242424242,0.409090909,1.121212121,1.454545455,1
意大利,挪威,1,0,83,8,45,2,128,7,0.542168675,0.25,1.542168675,0.875,1
韩国,玻利维亚,0,0,29,6,6,0,29,1,0.206896552,0,1,0.166666667,-1
巴西,喀麦隆,3,0,109,23,73,4,229,18,0.669724771,0.173913043,2.100917431,0.782608696,1
墨西哥,爱尔兰,2,1,57,13,16,2,60,10,0.280701754,0.153846154,1.052631579,0.769230769,1
瑞典,俄罗斯,3,1,51,45,19,19,80,77,0.37254902,0.422222222,1.568627451,1.711111111,1
阿根廷,尼日利亚,2,1,81,21,43,6,137,23,0.530864198,0.285714286,1.691358025,1.095238095,1
比利时,荷兰,1,0,48,50,20,27,68,86,0.416666667,0.54,1.416666667,1.72,1
沙特阿拉伯,摩洛哥,2,1,16,16,3,2,11,14,0.1875,0.125,0.6875,0.875,1
保加利亚,希腊,4,0,26,10,3,2,22,5,0.115384615,0.2,0.846153846,0.5,1
瑞士,哥伦比亚,0,2,37,22,12,9,50,32,0.324324324,0.409090909,1.351351351,1.454545455,0
美国,罗马尼亚,0,1,33,21,8,8,37,30,0.242424242,0.380952381,1.121212121,1.428571429,0
玻利维亚,西班牙,1,3,6,63,0,30,1,99,0,0.476190476,0.166666667,1.571428571,0
德国,朝鲜,3,2,109,12,67,1,226,11,0.614678899,0.083333333,2.073394495,0.916666667,1
巴西,瑞典,1,1,109,51,73,19,229,80,0.669724771,0.37254902,2.100917431,1.568627451,-1
爱尔兰,挪威,0,0,13,8,2,2,10,7,0.153846154,0.25,0.769230769,0.875,-1
意大利,墨西哥,1,1,83,57,45,16,128,60,0.542168675,0.280701754,1.542168675,1.052631579,-1
俄罗斯,喀麦隆,6,1,45,23,19,4,77,18,0.422222222,0.173913043,1.711111111,0.782608696,1
比利时,沙特阿拉伯,0,1,48,16,20,3,68,11,0.416666667,0.1875,1.416666667,0.6875,0
摩洛哥,荷兰,1,2,16,50,2,27,14,86,0.125,0.54,0.875,1.72,0
阿根廷,保加利亚,0,2,81,26,43,3,137,22,0.530864198,0.115384615,1.691358025,0.846153846,0
希腊,尼日利亚,0,2,10,21,2,6,5,23,0.2,0.285714286,0.5,1.095238095,0
德国,比利时,3,2,109,48,67,20,226,68,0.614678899,0.416666667,2.073394495,1.416666667,1
西班牙,瑞士,3,0,63,37,30,12,99,50,0.476190476,0.324324324,1.571428571,1.351351351,1
罗马尼亚,阿根廷,3,2,21,81,8,43,30,137,0.380952381,0.530864198,1.428571429,1.691358025,1
沙特阿拉伯,瑞典,1,3,16,51,3,19,11,80,0.1875,0.37254902,0.6875,1.568627451,0
荷兰,爱尔兰,2,0,50,13,27,2,86,10,0.54,0.153846154,1.72,0.769230769,1
美国,巴西,0,1,33,109,8,73,37,229,0.242424242,0.669724771,1.121212121,2.100917431,0
墨西哥,保加利亚,1,1,57,26,16,3,60,22,0.280701754,0.115384615,1.052631579,0.846153846,-1
尼日利亚,意大利,1,2,21,83,6,45,23,128,0.285714286,0.542168675,1.095238095,1.542168675,0
意大利,西班牙,2,1,83,63,45,30,128,99,0.542168675,0.476190476,1.542168675,1.571428571,1
荷兰,巴西,2,3,50,109,27,73,86,229,0.54,0.669724771,1.72,2.100917431,0
保加利亚,德国,2,1,26,109,3,67,22,226,0.115384615,0.614678899,0.846153846,2.073394495,1
罗马尼亚,瑞典,2,2,21,51,8,19,30,80,0.380952381,0.37254902,1.428571429,1.568627451,-1
保加利亚,意大利,1,2,26,83,3,45,22,128,0.115384615,0.542168675,0.846153846,1.542168675,0
瑞典,巴西,0,1,51,109,19,73,80,229,0.37254902,0.669724771,1.568627451,2.100917431,0
瑞典,保加利亚,4,0,51,26,19,3,80,22,0.37254902,0.115384615,1.568627451,0.846153846,1
巴西,意大利,0,0,109,83,73,45,229,128,0.669724771,0.542168675,2.100917431,1.542168675,-1
巴西,苏格兰,2,1,109,23,73,4,229,25,0.669724771,0.173913043,2.100917431,1.086956522,1
摩洛哥,挪威,2,2,16,8,2,2,14,7,0.125,0.25,0.875,0.875,-1
喀麦隆,奥地利,1,1,23,29,4,12,18,43,0.173913043,0.413793103,0.782608696,1.482758621,-1
意大利,智利,2,2,83,33,45,11,128,40,0.542168675,0.333333333,1.542168675,1.212121212,-1
法国,南非,3,0,66,9,34,2,120,11,0.515151515,0.222222222,1.818181818,1.222222222,1
巴拉圭,保加利亚,0,0,27,26,7,3,30,22,0.259259259,0.115384615,1.111111111,0.846153846,-1
沙特阿拉伯,丹麦,0,1,16,20,3,9,11,30,0.1875,0.45,0.6875,1.5,0
韩国,墨西哥,1,3,29,57,6,16,29,60,0.206896552,0.280701754,1,1.052631579,0
荷兰,比利时,0,0,50,48,27,20,86,68,0.54,0.416666667,1.72,1.416666667,-1
西班牙,尼日利亚,2,3,63,21,30,6,99,23,0.476190476,0.285714286,1.571428571,1.095238095,0
阿根廷,日本,1,0,81,21,43,5,137,20,0.530864198,0.238095238,1.691358025,0.952380952,1
牙买加,克罗地亚,1,3,3,23,1,11,3,35,0.333333333,0.47826087,1,1.52173913,0
塞尔维亚,伊朗,1,0,13,15,4,2,11,9,0.307692308,0.133333333,0.846153846,0.6,1
英格兰,突尼斯,2,0,69,15,29,2,91,13,0.420289855,0.133333333,1.31884058,0.866666667,1
德国,美国,2,0,109,33,67,8,226,37,0.614678899,0.242424242,2.073394495,1.121212121,1
罗马尼亚,哥伦比亚,1,0,21,22,8,9,30,32,0.380952381,0.409090909,1.428571429,1.454545455,1
巴西,摩洛哥,3,0,109,16,73,2,229,14,0.669724771,0.125,2.100917431,0.875,1
苏格兰,挪威,1,1,23,8,4,2,25,7,0.173913043,0.25,1.086956522,0.875,-1
智利,奥地利,1,1,33,29,11,12,40,43,0.333333333,0.413793103,1.212121212,1.482758621,-1
意大利,喀麦隆,3,0,83,23,45,4,128,18,0.542168675,0.173913043,1.542168675,0.782608696,1
法国,沙特阿拉伯,4,0,66,16,34,3,120,11,0.515151515,0.1875,1.818181818,0.6875,1
南非,丹麦,1,1,9,20,2,9,11,30,0.222222222,0.45,1.222222222,1.5,-1
尼日利亚,保加利亚,1,0,21,26,6,3,23,22,0.285714286,0.115384615,1.095238095,0.846153846,1
西班牙,巴拉圭,0,0,63,27,30,7,99,30,0.476190476,0.259259259,1.571428571,1.111111111,-1
比利时,墨西哥,2,2,48,57,20,16,68,60,0.416666667,0.280701754,1.416666667,1.052631579,-1
日本,克罗地亚,0,1,21,23,5,11,20,35,0.238095238,0.47826087,0.952380952,1.52173913,0
荷兰,韩国,5,0,50,29,27,6,86,29,0.54,0.206896552,1.72,1,1
阿根廷,牙买加,5,0,81,3,43,1,137,3,0.530864198,0.333333333,1.691358025,1,1
德国,塞尔维亚,2,2,109,13,67,4,226,11,0.614678899,0.307692308,2.073394495,0.846153846,-1
美国,伊朗,1,2,33,15,8,2,37,9,0.242424242,0.133333333,1.121212121,0.6,0
哥伦比亚,突尼斯,1,0,22,15,9,2,32,13,0.409090909,0.133333333,1.454545455,0.866666667,1
罗马尼亚,英格兰,2,1,21,69,8,29,30,91,0.380952381,0.420289855,1.428571429,1.31884058,1
巴西,挪威,1,2,109,8,73,2,229,7,0.669724771,0.25,2.100917431,0.875,0
智利,喀麦隆,1,1,33,23,11,4,40,18,0.333333333,0.173913043,1.212121212,0.782608696,-1
意大利,奥地利,2,1,83,29,45,12,128,43,0.542168675,0.413793103,1.542168675,1.482758621,1
苏格兰,摩洛哥,0,3,23,16,4,2,25,14,0.173913043,0.125,1.086956522,0.875,0
法国,丹麦,2,1,66,20,34,9,120,30,0.515151515,0.45,1.818181818,1.5,1
尼日利亚,巴拉圭,1,3,21,27,6,7,23,30,0.285714286,0.259259259,1.095238095,1.111111111,0
南非,沙特阿拉伯,2,2,9,16,2,3,11,11,0.222222222,0.1875,1.222222222,0.6875,-1
西班牙,保加利亚,6,1,63,26,30,3,99,22,0.476190476,0.115384615,1.571428571,0.846153846,1
比利时,韩国,1,1,48,29,20,6,68,29,0.416666667,0.206896552,1.416666667,1,-1
德国,伊朗,2,0,109,15,67,2,226,9,0.614678899,0.133333333,2.073394495,0.6,1
荷兰,墨西哥,2,2,50,57,27,16,86,60,0.54,0.280701754,1.72,1.052631579,-1
美国,塞尔维亚,0,1,33,13,8,4,37,11,0.242424242,0.307692308,1.121212121,0.846153846,0
阿根廷,克罗地亚,1,0,81,23,43,11,137,35,0.530864198,0.47826087,1.691358025,1.52173913,1
哥伦比亚,英格兰,0,2,22,69,9,29,32,91,0.409090909,0.420289855,1.454545455,1.31884058,0
日本,牙买加,1,2,21,3,5,1,20,3,0.238095238,0.333333333,0.952380952,1,0
罗马尼亚,突尼斯,1,1,21,15,8,2,30,13,0.380952381,0.133333333,1.428571429,0.866666667,-1
巴西,智利,4,1,109,33,73,11,229,40,0.669724771,0.333333333,2.100917431,1.212121212,1
意大利,挪威,1,0,83,8,45,2,128,7,0.542168675,0.25,1.542168675,0.875,1
法国,巴拉圭,1,0,66,27,34,7,120,30,0.515151515,0.259259259,1.818181818,1.111111111,1
尼日利亚,丹麦,1,4,21,20,6,9,23,30,0.285714286,0.45,1.095238095,1.5,0
德国,墨西哥,2,1,109,57,67,16,226,60,0.614678899,0.280701754,2.073394495,1.052631579,1
荷兰,塞尔维亚,2,1,50,13,27,4,86,11,0.54,0.307692308,1.72,0.846153846,1
阿根廷,英格兰,2,2,81,69,43,29,137,91,0.530864198,0.420289855,1.691358025,1.31884058,-1
罗马尼亚,克罗地亚,0,1,21,23,8,11,30,35,0.380952381,0.47826087,1.428571429,1.52173913,0
巴西,丹麦,3,2,109,20,73,9,229,30,0.669724771,0.45,2.100917431,1.5,1
法国,意大利,0,0,66,83,34,45,120,128,0.515151515,0.542168675,1.818181818,1.542168675,-1
德国,克罗地亚,0,3,109,23,67,11,226,35,0.614678899,0.47826087,2.073394495,1.52173913,0
荷兰,阿根廷,2,1,50,81,27,43,86,137,0.54,0.530864198,1.72,1.691358025,1
巴西,荷兰,1,1,109,50,73,27,229,86,0.669724771,0.54,2.100917431,1.72,-1
法国,克罗地亚,2,1,66,23,34,11,120,35,0.515151515,0.47826087,1.818181818,1.52173913,1
荷兰,克罗地亚,1,2,50,23,27,11,86,35,0.54,0.47826087,1.72,1.52173913,0
法国,巴西,3,0,66,109,34,73,120,229,0.515151515,0.669724771,1.818181818,2.100917431,1
法国,塞内加尔,0,1,66,8,34,3,120,11,0.515151515,0.375,1.818181818,1.375,0
德国,沙特阿拉伯,8,0,109,16,67,3,226,11,0.614678899,0.1875,2.073394495,0.6875,1
爱尔兰,喀麦隆,1,1,13,23,2,4,10,18,0.153846154,0.173913043,0.769230769,0.782608696,-1
乌拉圭,丹麦,1,2,56,20,24,9,87,30,0.428571429,0.45,1.553571429,1.5,0
阿根廷,尼日利亚,1,0,81,21,43,6,137,23,0.530864198,0.285714286,1.691358025,1.095238095,1
英格兰,瑞典,1,1,69,51,29,19,91,80,0.420289855,0.37254902,1.31884058,1.568627451,-1
巴拉圭,南非,2,2,27,9,7,2,30,11,0.259259259,0.222222222,1.111111111,1.222222222,-1
西班牙,斯洛文尼亚,3,1,63,6,30,1,99,5,0.476190476,0.166666667,1.571428571,0.833333333,1
巴西,土耳其,2,1,109,10,73,5,229,20,0.669724771,0.5,2.100917431,2,1
克罗地亚,墨西哥,0,1,23,57,11,16,35,60,0.47826087,0.280701754,1.52173913,1.052631579,0
意大利,厄瓜多尔,2,0,83,10,45,4,128,10,0.542168675,0.4,1.542168675,1,1
中国,哥斯达黎加,0,2,3,18,0,5,0,19,0,0.277777778,0,1.055555556,0
日本,比利时,2,2,21,48,5,20,20,68,0.238095238,0.416666667,0.952380952,1.416666667,-1
韩国,波兰,2,0,29,34,6,16,29,46,0.206896552,0.470588235,1,1.352941176,1
德国,爱尔兰,1,1,109,13,67,2,226,10,0.614678899,0.153846154,2.073394495,0.769230769,-1
俄罗斯,突尼斯,2,0,45,15,19,2,77,13,0.422222222,0.133333333,1.711111111,0.866666667,1
美国,葡萄牙,3,2,33,30,8,14,37,49,0.242424242,0.466666667,1.121212121,1.633333333,1
喀麦隆,沙特阿拉伯,1,0,23,16,4,3,18,11,0.173913043,0.1875,0.782608696,0.6875,1
丹麦,塞内加尔,1,1,20,8,9,3,30,11,0.45,0.375,1.5,1.375,-1
法国,乌拉圭,0,0,66,56,34,24,120,87,0.515151515,0.428571429,1.818181818,1.553571429,-1
阿根廷,英格兰,0,1,81,69,43,29,137,91,0.530864198,0.420289855,1.691358025,1.31884058,0
西班牙,巴拉圭,3,1,63,27,30,7,99,30,0.476190476,0.259259259,1.571428571,1.111111111,1
瑞典,尼日利亚,2,1,51,21,19,6,80,23,0.37254902,0.285714286,1.568627451,1.095238095,1
巴西,中国,4,0,109,3,73,0,229,0,0.669724771,0,2.100917431,0,1
意大利,克罗地亚,1,2,83,23,45,11,128,35,0.542168675,0.47826087,1.542168675,1.52173913,0
南非,斯洛文尼亚,1,0,9,6,2,1,11,5,0.222222222,0.166666667,1.222222222,0.833333333,1
哥斯达黎加,土耳其,1,1,18,10,5,5,19,20,0.277777778,0.5,1.055555556,2,-1
日本,俄罗斯,1,0,21,45,5,19,20,77,0.238095238,0.422222222,0.952380952,1.711111111,1
墨西哥,厄瓜多尔,2,1,57,10,16,4,60,10,0.280701754,0.4,1.052631579,1,1
韩国,美国,1,1,29,33,6,8,29,37,0.206896552,0.242424242,1,1.121212121,-1
葡萄牙,波兰,4,0,30,34,14,16,49,46,0.466666667,0.470588235,1.633333333,1.352941176,1
突尼斯,比利时,1,1,15,48,2,20,13,68,0.133333333,0.416666667,0.866666667,1.416666667,-1
喀麦隆,德国,0,2,23,109,4,67,18,226,0.173913043,0.614678899,0.782608696,2.073394495,0
丹麦,法国,2,0,20,66,9,34,30,120,0.45,0.515151515,1.5,1.818181818,1
沙特阿拉伯,爱尔兰,0,3,16,13,3,2,11,10,0.1875,0.153846154,0.6875,0.769230769,0
塞内加尔,乌拉圭,3,3,8,56,3,24,11,87,0.375,0.428571429,1.375,1.553571429,-1
尼日利亚,英格兰,0,0,21,69,6,29,23,91,0.285714286,0.420289855,1.095238095,1.31884058,-1
斯洛文尼亚,巴拉圭,1,3,6,27,1,7,5,30,0.166666667,0.259259259,0.833333333,1.111111111,0
南非,西班牙,2,3,9,63,2,30,11,99,0.222222222,0.476190476,1.222222222,1.571428571,0
瑞典,阿根廷,1,1,51,81,19,43,80,137,0.37254902,0.530864198,1.568627451,1.691358025,-1
哥斯达黎加,巴西,2,5,18,109,5,73,19,229,0.277777778,0.669724771,1.055555556,2.100917431,0
厄瓜多尔,克罗地亚,1,0,10,23,4,11,10,35,0.4,0.47826087,1,1.52173913,1
墨西哥,意大利,1,1,57,83,16,45,60,128,0.280701754,0.542168675,1.052631579,1.542168675,-1
土耳其,中国,3,0,10,3,5,0,20,0,0.5,0,2,0,1
比利时,俄罗斯,3,2,48,45,20,19,68,77,0.416666667,0.422222222,1.416666667,1.711111111,1
日本,突尼斯,2,0,21,15,5,2,20,13,0.238095238,0.133333333,0.952380952,0.866666667,1
韩国,葡萄牙,1,0,29,30,6,14,29,49,0.206896552,0.466666667,1,1.633333333,1
波兰,美国,3,1,34,33,16,8,46,37,0.470588235,0.242424242,1.352941176,1.121212121,1
丹麦,英格兰,0,3,20,69,9,29,30,91,0.45,0.420289855,1.5,1.31884058,0
德国,巴拉圭,1,0,109,27,67,7,226,30,0.614678899,0.259259259,2.073394495,1.111111111,1
西班牙,爱尔兰,1,1,63,13,30,2,99,10,0.476190476,0.153846154,1.571428571,0.769230769,-1
瑞典,塞内加尔,1,2,51,8,19,3,80,11,0.37254902,0.375,1.568627451,1.375,0
巴西,比利时,2,0,109,48,73,20,229,68,0.669724771,0.416666667,2.100917431,1.416666667,1
墨西哥,美国,0,2,57,33,16,8,60,37,0.280701754,0.242424242,1.052631579,1.121212121,0
日本,土耳其,0,1,21,10,5,5,20,20,0.238095238,0.5,0.952380952,2,0
韩国,意大利,2,1,29,83,6,45,29,128,0.206896552,0.542168675,1,1.542168675,1
英格兰,巴西,1,2,69,109,29,73,91,229,0.420289855,0.669724771,1.31884058,2.100917431,0
德国,美国,1,0,109,33,67,8,226,37,0.614678899,0.242424242,2.073394495,1.121212121,1
韩国,西班牙,0,0,29,63,6,30,29,99,0.206896552,0.476190476,1,1.571428571,-1
塞内加尔,土耳其,0,1,8,10,3,5,11,20,0.375,0.5,1.375,2,0
韩国,德国,0,1,29,109,6,67,29,226,0.206896552,0.614678899,1,2.073394495,0
巴西,土耳其,1,0,109,10,73,5,229,20,0.669724771,0.5,2.100917431,2,1
韩国,土耳其,2,3,29,10,6,5,29,20,0.206896552,0.5,1,2,0
德国,巴西,0,2,109,109,67,73,226,229,0.614678899,0.669724771,2.073394495,2.100917431,0
德国,哥斯达黎加,4,2,109,18,67,5,226,19,0.614678899,0.277777778,2.073394495,1.055555556,1
波兰,厄瓜多尔,0,2,34,10,16,4,46,10,0.470588235,0.4,1.352941176,1,0
阿根廷,科特迪瓦,2,1,81,9,43,3,137,13,0.530864198,0.333333333,1.691358025,1.444444444,1
英格兰,巴拉圭,1,0,69,27,29,7,91,30,0.420289855,0.259259259,1.31884058,1.111111111,1
特立尼达和多巴哥,瑞典,0,0,3,51,0,19,0,80,0,0.37254902,0,1.568627451,-1
安哥拉,葡萄牙,0,1,3,30,0,14,1,49,0,0.466666667,0.333333333,1.633333333,0
墨西哥,伊朗,3,1,57,15,16,2,60,9,0.280701754,0.133333333,1.052631579,0.6,1
塞尔维亚,荷兰,0,1,13,50,4,27,11,86,0.307692308,0.54,0.846153846,1.72,0
澳大利亚,日本,3,1,16,21,2,5,13,20,0.125,0.238095238,0.8125,0.952380952,1
意大利,迦纳,2,0,83,12,45,4,128,13,0.542168675,0.333333333,1.542168675,1.083333333,1
美国,捷克共和国,0,3,33,3,8,1,37,3,0.242424242,0.333333333,1.121212121,1,0
巴西,克罗地亚,1,0,109,23,73,11,229,35,0.669724771,0.47826087,2.100917431,1.52173913,1
法国,瑞士,0,0,66,37,34,12,120,50,0.515151515,0.324324324,1.818181818,1.351351351,-1
韩国,多哥,2,1,29,3,6,0,29,1,0.206896552,0,1,0.333333333,1
德国,波兰,1,0,109,34,67,16,226,46,0.614678899,0.470588235,2.073394495,1.352941176,1
西班牙,乌克兰,4,0,63,5,30,2,99,5,0.476190476,0.4,1.571428571,1,1
突尼斯,沙特阿拉伯,2,2,15,16,2,3,13,11,0.133333333,0.1875,0.866666667,0.6875,-1
厄瓜多尔,哥斯达黎加,3,0,10,18,4,5,10,19,0.4,0.277777778,1,1.055555556,1
英格兰,特立尼达和多巴哥,2,0,69,3,29,0,91,0,0.420289855,0,1.31884058,0,1
瑞典,巴拉圭,1,0,51,27,19,7,80,30,0.37254902,0.259259259,1.568627451,1.111111111,1
阿根廷,塞尔维亚,6,0,81,13,43,4,137,11,0.530864198,0.307692308,1.691358025,0.846153846,1
墨西哥,安哥拉,0,0,57,3,16,0,60,1,0.280701754,0,1.052631579,0.333333333,-1
荷兰,科特迪瓦,2,1,50,9,27,3,86,13,0.54,0.333333333,1.72,1.444444444,1
捷克共和国,迦纳,0,2,3,12,1,4,3,13,0.333333333,0.333333333,1,1.083333333,0
意大利,美国,1,1,83,33,45,8,128,37,0.542168675,0.242424242,1.542168675,1.121212121,-1
葡萄牙,伊朗,2,0,30,15,14,2,49,9,0.466666667,0.133333333,1.633333333,0.6,1
巴西,澳大利亚,2,0,109,16,73,2,229,13,0.669724771,0.125,2.100917431,0.8125,1
法国,韩国,1,1,66,29,34,6,120,29,0.515151515,0.206896552,1.818181818,1,-1
日本,克罗地亚,0,0,21,23,5,11,20,35,0.238095238,0.47826087,0.952380952,1.52173913,-1
沙特阿拉伯,乌克兰,0,4,16,5,3,2,11,5,0.1875,0.4,0.6875,1,0
西班牙,突尼斯,3,1,63,15,30,2,99,13,0.476190476,0.133333333,1.571428571,0.866666667,1
多哥,瑞士,0,2,3,37,0,12,1,50,0,0.324324324,0.333333333,1.351351351,0
哥斯达黎加,波兰,1,2,18,34,5,16,19,46,0.277777778,0.470588235,1.055555556,1.352941176,0
德国,厄瓜多尔,3,0,109,10,67,4,226,10,0.614678899,0.4,2.073394495,1,1
巴拉圭,特立尼达和多巴哥,2,0,27,3,7,0,30,0,0.259259259,0,1.111111111,0,1
瑞典,英格兰,2,2,51,69,19,29,80,91,0.37254902,0.420289855,1.568627451,1.31884058,-1
伊朗,安哥拉,1,1,15,3,2,0,9,1,0.133333333,0,0.6,0.333333333,-1
科特迪瓦,塞尔维亚,3,2,9,13,3,4,13,11,0.333333333,0.307692308,1.444444444,0.846153846,1
荷兰,阿根廷,0,0,50,81,27,43,86,137,0.54,0.530864198,1.72,1.691358025,-1
葡萄牙,墨西哥,2,1,30,57,14,16,49,60,0.466666667,0.280701754,1.633333333,1.052631579,1
克罗地亚,澳大利亚,2,2,23,16,11,2,35,13,0.47826087,0.125,1.52173913,0.8125,-1
捷克共和国,意大利,0,2,3,83,1,45,3,128,0.333333333,0.542168675,1,1.542168675,0
迦纳,美国,2,1,12,33,4,8,13,37,0.333333333,0.242424242,1.083333333,1.121212121,1
日本,巴西,1,4,21,109,5,73,20,229,0.238095238,0.669724771,0.952380952,2.100917431,0
沙特阿拉伯,西班牙,0,1,16,63,3,30,11,99,0.1875,0.476190476,0.6875,1.571428571,0
瑞士,韩国,2,0,37,29,12,6,50,29,0.324324324,0.206896552,1.351351351,1,1
多哥,法国,0,2,3,66,0,34,1,120,0,0.515151515,0.333333333,1.818181818,0
乌克兰,突尼斯,1,0,5,15,2,2,5,13,0.4,0.133333333,1,0.866666667,1
阿根廷,墨西哥,2,1,81,57,43,16,137,60,0.530864198,0.280701754,1.691358025,1.052631579,1
德国,瑞典,2,0,109,51,67,19,226,80,0.614678899,0.37254902,2.073394495,1.568627451,1
英格兰,厄瓜多尔,1,0,69,10,29,4,91,10,0.420289855,0.4,1.31884058,1,1
葡萄牙,荷兰,1,0,30,50,14,27,49,86,0.466666667,0.54,1.633333333,1.72,1
意大利,澳大利亚,1,0,83,16,45,2,128,13,0.542168675,0.125,1.542168675,0.8125,1
瑞士,乌克兰,0,0,37,5,12,2,50,5,0.324324324,0.4,1.351351351,1,-1
巴西,迦纳,3,0,109,12,73,4,229,13,0.669724771,0.333333333,2.100917431,1.083333333,1
西班牙,法国,1,3,63,66,30,34,99,120,0.476190476,0.515151515,1.571428571,1.818181818,0
德国,阿根廷,1,1,109,81,67,43,226,137,0.614678899,0.530864198,2.073394495,1.691358025,-1
意大利,乌克兰,3,0,83,5,45,2,128,5,0.542168675,0.4,1.542168675,1,1
巴西,法国,0,1,109,66,73,34,229,120,0.669724771,0.515151515,2.100917431,1.818181818,0
英格兰,葡萄牙,0,0,69,30,29,14,91,49,0.420289855,0.466666667,1.31884058,1.633333333,-1
德国,意大利,0,2,109,83,67,45,226,128,0.614678899,0.542168675,2.073394495,1.542168675,0
葡萄牙,法国,0,1,30,66,14,34,49,120,0.466666667,0.515151515,1.633333333,1.818181818,0
德国,葡萄牙,3,1,109,30,67,14,226,49,0.614678899,0.466666667,2.073394495,1.633333333,1
意大利,法国,1,1,83,66,45,34,128,120,0.542168675,0.515151515,1.542168675,1.818181818,-1
南非,墨西哥,1,1,9,57,2,16,11,60,0.222222222,0.280701754,1.222222222,1.052631579,-1
乌拉圭,法国,0,0,56,66,24,34,87,120,0.428571429,0.515151515,1.553571429,1.818181818,-1
阿根廷,尼日利亚,1,0,81,21,43,6,137,23,0.530864198,0.285714286,1.691358025,1.095238095,1
英格兰,美国,1,1,69,33,29,8,91,37,0.420289855,0.242424242,1.31884058,1.121212121,-1
韩国,希腊,2,0,29,10,6,2,29,5,0.206896552,0.2,1,0.5,1
阿尔及利亚,斯洛文尼亚,0,1,13,6,3,1,13,5,0.230769231,0.166666667,1,0.833333333,0
德国,澳大利亚,4,0,109,16,67,2,226,13,0.614678899,0.125,2.073394495,0.8125,1
塞尔维亚,迦纳,0,1,13,12,4,4,11,13,0.307692308,0.333333333,0.846153846,1.083333333,0
意大利,巴拉圭,1,1,83,27,45,7,128,30,0.542168675,0.259259259,1.542168675,1.111111111,-1
日本,喀麦隆,1,0,21,23,5,4,20,18,0.238095238,0.173913043,0.952380952,0.782608696,1
荷兰,丹麦,2,0,50,20,27,9,86,30,0.54,0.45,1.72,1.5,1
巴西,朝鲜,2,1,109,12,73,1,229,11,0.669724771,0.083333333,2.100917431,0.916666667,1
科特迪瓦,葡萄牙,0,0,9,30,3,14,13,49,0.333333333,0.466666667,1.444444444,1.633333333,-1
新西兰,斯洛伐克,1,1,6,4,0,1,4,5,0,0.25,0.666666667,1.25,-1
洪都拉斯,智利,0,1,9,33,0,11,3,40,0,0.333333333,0.333333333,1.212121212,0
南非,乌拉圭,0,3,9,56,2,24,11,87,0.222222222,0.428571429,1.222222222,1.553571429,0
西班牙,瑞士,0,1,63,37,30,12,99,50,0.476190476,0.324324324,1.571428571,1.351351351,0
阿根廷,韩国,4,1,81,29,43,6,137,29,0.530864198,0.206896552,1.691358025,1,1
法国,墨西哥,0,2,66,57,34,16,120,60,0.515151515,0.280701754,1.818181818,1.052631579,0
希腊,尼日利亚,2,1,10,21,2,6,5,23,0.2,0.285714286,0.5,1.095238095,1
英格兰,阿尔及利亚,0,0,69,13,29,3,91,13,0.420289855,0.230769231,1.31884058,1,-1
德国,塞尔维亚,0,1,109,13,67,4,226,11,0.614678899,0.307692308,2.073394495,0.846153846,0
斯洛文尼亚,美国,2,2,6,33,1,8,5,37,0.166666667,0.242424242,0.833333333,1.121212121,-1
喀麦隆,丹麦,1,2,23,20,4,9,18,30,0.173913043,0.45,0.782608696,1.5,0
迦纳,澳大利亚,1,1,12,16,4,2,13,13,0.333333333,0.125,1.083333333,0.8125,-1
荷兰,日本,1,0,50,21,27,5,86,20,0.54,0.238095238,1.72,0.952380952,1
巴西,科特迪瓦,3,1,109,9,73,3,229,13,0.669724771,0.333333333,2.100917431,1.444444444,1
意大利,新西兰,1,1,83,6,45,0,128,4,0.542168675,0,1.542168675,0.666666667,-1
斯洛伐克,巴拉圭,0,2,4,27,1,7,5,30,0.25,0.259259259,1.25,1.111111111,0
智利,瑞士,1,0,33,37,11,12,40,50,0.333333333,0.324324324,1.212121212,1.351351351,1
葡萄牙,朝鲜,7,0,30,12,14,1,49,11,0.466666667,0.083333333,1.633333333,0.916666667,1
西班牙,洪都拉斯,2,0,63,9,30,0,99,3,0.476190476,0,1.571428571,0.333333333,1
希腊,阿根廷,0,2,10,81,2,43,5,137,0.2,0.530864198,0.5,1.691358025,0
墨西哥,乌拉圭,0,1,57,56,16,24,60,87,0.280701754,0.428571429,1.052631579,1.553571429,0
尼日利亚,韩国,2,2,21,29,6,6,23,29,0.285714286,0.206896552,1.095238095,1,-1
南非,法国,2,1,9,66,2,34,11,120,0.222222222,0.515151515,1.222222222,1.818181818,1
澳大利亚,塞尔维亚,2,1,16,13,2,4,13,11,0.125,0.307692308,0.8125,0.846153846,1
迦纳,德国,0,1,12,109,4,67,13,226,0.333333333,0.614678899,1.083333333,2.073394495,0
斯洛文尼亚,英格兰,0,1,6,69,1,29,5,91,0.166666667,0.420289855,0.833333333,1.31884058,0
美国,阿尔及利亚,1,0,33,13,8,3,37,13,0.242424242,0.230769231,1.121212121,1,1
喀麦隆,荷兰,1,2,23,50,4,27,18,86,0.173913043,0.54,0.782608696,1.72,0
丹麦,日本,1,3,20,21,9,5,30,20,0.45,0.238095238,1.5,0.952380952,0
巴拉圭,新西兰,0,0,27,6,7,0,30,4,0.259259259,0,1.111111111,0.666666667,-1
斯洛伐克,意大利,3,2,4,83,1,45,5,128,0.25,0.542168675,1.25,1.542168675,1
智利,西班牙,1,2,33,63,11,30,40,99,0.333333333,0.476190476,1.212121212,1.571428571,0
朝鲜,科特迪瓦,0,3,12,9,1,3,11,13,0.083333333,0.333333333,0.916666667,1.444444444,0
葡萄牙,巴西,0,0,30,109,14,73,49,229,0.466666667,0.669724771,1.633333333,2.100917431,-1
瑞士,洪都拉斯,0,0,37,9,12,0,50,3,0.324324324,0,1.351351351,0.333333333,-1
乌拉圭,韩国,2,1,56,29,24,6,87,29,0.428571429,0.206896552,1.553571429,1,1
美国,迦纳,1,2,33,12,8,4,37,13,0.242424242,0.333333333,1.121212121,1.083333333,0
阿根廷,墨西哥,3,1,81,57,43,16,137,60,0.530864198,0.280701754,1.691358025,1.052631579,1
德国,英格兰,4,1,109,69,67,29,226,91,0.614678899,0.420289855,2.073394495,1.31884058,1
巴西,智利,3,0,109,33,73,11,229,40,0.669724771,0.333333333,2.100917431,1.212121212,1
荷兰,斯洛伐克,2,1,50,4,27,1,86,5,0.54,0.25,1.72,1.25,1
巴拉圭,日本,0,0,27,21,7,5,30,20,0.259259259,0.238095238,1.111111111,0.952380952,-1
西班牙,葡萄牙,1,0,63,30,30,14,99,49,0.476190476,0.466666667,1.571428571,1.633333333,1
荷兰,巴西,2,1,50,109,27,73,86,229,0.54,0.669724771,1.72,2.100917431,1
乌拉圭,迦纳,1,1,56,12,24,4,87,13,0.428571429,0.333333333,1.553571429,1.083333333,-1
阿根廷,德国,0,4,81,109,43,67,137,226,0.530864198,0.614678899,1.691358025,2.073394495,0
巴拉圭,西班牙,0,1,27,63,7,30,30,99,0.259259259,0.476190476,1.111111111,1.571428571,0
乌拉圭,荷兰,2,3,56,50,24,27,87,86,0.428571429,0.54,1.553571429,1.72,0
德国,西班牙,0,1,109,63,67,30,226,99,0.614678899,0.476190476,2.073394495,1.571428571,0
乌拉圭,德国,2,3,56,109,24,67,87,226,0.428571429,0.614678899,1.553571429,2.073394495,0
荷兰,西班牙,0,1,50,63,27,30,86,99,0.54,0.476190476,1.72,1.571428571,0
巴西,克罗地亚,3,1,109,23,73,11,229,35,0.669724771,0.47826087,2.100917431,1.52173913,1
智利,澳大利亚,3,1,33,16,11,2,40,13,0.333333333,0.125,1.212121212,0.8125,1
墨西哥,喀麦隆,1,0,57,23,16,4,60,18,0.280701754,0.173913043,1.052631579,0.782608696,1
西班牙,荷兰,1,5,63,50,30,27,99,86,0.476190476,0.54,1.571428571,1.72,0
哥伦比亚,希腊,3,0,22,10,9,2,32,5,0.409090909,0.2,1.454545455,0.5,1
英格兰,意大利,1,2,69,83,29,45,91,128,0.420289855,0.542168675,1.31884058,1.542168675,0
科特迪瓦,日本,2,1,9,21,3,5,13,20,0.333333333,0.238095238,1.444444444,0.952380952,1
乌拉圭,哥斯达黎加,1,3,56,18,24,5,87,19,0.428571429,0.277777778,1.553571429,1.055555556,0
阿根廷,波斯尼亚和黑塞哥维那,2,1,81,3,43,1,137,4,0.530864198,0.333333333,1.691358025,1.333333333,1
法国,洪都拉斯,3,0,66,9,34,0,120,3,0.515151515,0,1.818181818,0.333333333,1
瑞士,厄瓜多尔,2,1,37,10,12,4,50,10,0.324324324,0.4,1.351351351,1,1
德国,葡萄牙,4,0,109,30,67,14,226,49,0.614678899,0.466666667,2.073394495,1.633333333,1
迦纳,美国,1,2,12,33,4,8,13,37,0.333333333,0.242424242,1.083333333,1.121212121,0
伊朗,尼日利亚,0,0,15,21,2,6,9,23,0.133333333,0.285714286,0.6,1.095238095,-1
比利时,阿尔及利亚,2,1,48,13,20,3,68,13,0.416666667,0.230769231,1.416666667,1,1
巴西,墨西哥,0,0,109,57,73,16,229,60,0.669724771,0.280701754,2.100917431,1.052631579,-1
俄罗斯,韩国,1,1,45,29,19,6,77,29,0.422222222,0.206896552,1.711111111,1,-1
澳大利亚,荷兰,2,3,16,50,2,27,13,86,0.125,0.54,0.8125,1.72,0
喀麦隆,克罗地亚,0,4,23,23,4,11,18,35,0.173913043,0.47826087,0.782608696,1.52173913,0
西班牙,智利,0,2,63,33,30,11,99,40,0.476190476,0.333333333,1.571428571,1.212121212,0
哥伦比亚,科特迪瓦,2,1,22,9,9,3,32,13,0.409090909,0.333333333,1.454545455,1.444444444,1
日本,希腊,0,0,21,10,5,2,20,5,0.238095238,0.2,0.952380952,0.5,-1
乌拉圭,英格兰,2,1,56,69,24,29,87,91,0.428571429,0.420289855,1.553571429,1.31884058,1
洪都拉斯,厄瓜多尔,1,2,9,10,0,4,3,10,0,0.4,0.333333333,1,0
意大利,哥斯达黎加,0,1,83,18,45,5,128,19,0.542168675,0.277777778,1.542168675,1.055555556,0
瑞士,法国,2,5,37,66,12,34,50,120,0.324324324,0.515151515,1.351351351,1.818181818,0
阿根廷,伊朗,1,0,81,15,43,2,137,9,0.530864198,0.133333333,1.691358025,0.6,1
德国,迦纳,2,2,109,12,67,4,226,13,0.614678899,0.333333333,2.073394495,1.083333333,-1
尼日利亚,波斯尼亚和黑塞哥维那,1,0,21,3,6,1,23,4,0.285714286,0.333333333,1.095238095,1.333333333,1
比利时,俄罗斯,1,0,48,45,20,19,68,77,0.416666667,0.422222222,1.416666667,1.711111111,1
韩国,阿尔及利亚,2,4,29,13,6,3,29,13,0.206896552,0.230769231,1,1,0
美国,葡萄牙,2,2,33,30,8,14,37,49,0.242424242,0.466666667,1.121212121,1.633333333,-1
澳大利亚,西班牙,0,3,16,63,2,30,13,99,0.125,0.476190476,0.8125,1.571428571,0
巴西,喀麦隆,4,1,109,23,73,4,229,18,0.669724771,0.173913043,2.100917431,0.782608696,1
克罗地亚,墨西哥,1,3,23,57,11,16,35,60,0.47826087,0.280701754,1.52173913,1.052631579,0
荷兰,智利,2,0,50,33,27,11,86,40,0.54,0.333333333,1.72,1.212121212,1
哥斯达黎加,英格兰,0,0,18,69,5,29,19,91,0.277777778,0.420289855,1.055555556,1.31884058,-1
希腊,科特迪瓦,2,1,10,9,2,3,5,13,0.2,0.333333333,0.5,1.444444444,1
意大利,乌拉圭,0,1,83,56,45,24,128,87,0.542168675,0.428571429,1.542168675,1.553571429,0
日本,哥伦比亚,1,4,21,22,5,9,20,32,0.238095238,0.409090909,0.952380952,1.454545455,0
波斯尼亚和黑塞哥维那,伊朗,3,1,3,15,1,2,4,9,0.333333333,0.133333333,1.333333333,0.6,1
厄瓜多尔,法国,0,0,10,66,4,34,10,120,0.4,0.515151515,1,1.818181818,-1
洪都拉斯,瑞士,0,3,9,37,0,12,3,50,0,0.324324324,0.333333333,1.351351351,0
尼日利亚,阿根廷,2,3,21,81,6,43,23,137,0.285714286,0.530864198,1.095238095,1.691358025,0
阿尔及利亚,俄罗斯,1,1,13,45,3,19,13,77,0.230769231,0.422222222,1,1.711111111,-1
韩国,比利时,0,1,29,48,6,20,29,68,0.206896552,0.416666667,1,1.416666667,0
葡萄牙,迦纳,2,1,30,12,14,4,49,13,0.466666667,0.333333333,1.633333333,1.083333333,1
美国,德国,0,1,33,109,8,67,37,226,0.242424242,0.614678899,1.121212121,2.073394495,0
巴西,智利,1,1,109,33,73,11,229,40,0.669724771,0.333333333,2.100917431,1.212121212,-1
哥伦比亚,乌拉圭,2,0,22,56,9,24,32,87,0.409090909,0.428571429,1.454545455,1.553571429,1
哥斯达黎加,希腊,1,1,18,10,5,2,19,5,0.277777778,0.2,1.055555556,0.5,-1
荷兰,墨西哥,2,1,50,57,27,16,86,60,0.54,0.280701754,1.72,1.052631579,1
法国,尼日利亚,2,0,66,21,34,6,120,23,0.515151515,0.285714286,1.818181818,1.095238095,1
德国,阿尔及利亚,2,1,109,13,67,3,226,13,0.614678899,0.230769231,2.073394495,1,1
阿根廷,瑞士,1,0,81,37,43,12,137,50,0.530864198,0.324324324,1.691358025,1.351351351,1
比利时,美国,2,1,48,33,20,8,68,37,0.416666667,0.242424242,1.416666667,1.121212121,1
巴西,哥伦比亚,2,1,109,22,73,9,229,32,0.669724771,0.409090909,2.100917431,1.454545455,1
法国,德国,0,1,66,109,34,67,120,226,0.515151515,0.614678899,1.818181818,2.073394495,0
阿根廷,比利时,1,0,81,48,43,20,137,68,0.530864198,0.416666667,1.691358025,1.416666667,1
荷兰,哥斯达黎加,0,0,50,18,27,5,86,19,0.54,0.277777778,1.72,1.055555556,-1
巴西,德国,1,7,109,109,73,67,229,226,0.669724771,0.614678899,2.100917431,2.073394495,0
荷兰,阿根廷,0,0,50,81,27,43,86,137,0.54,0.530864198,1.72,1.691358025,-1
巴西,荷兰,0,3,109,50,73,27,229,86,0.669724771,0.54,2.100917431,1.72,0
德国,阿根廷,1,0,109,81,67,43,226,137,0.614678899,0.530864198,2.073394495,1.691358025,1
俄罗斯,沙特阿拉伯,5,0,45,16,19,3,77,11,0.422222222,0.1875,1.711111111,0.6875,1
埃及,乌拉圭,0,1,7,56,0,24,5,87,0,0.428571429,0.714285714,1.553571429,0
摩洛哥,伊朗,0,1,16,15,2,2,14,9,0.125,0.133333333,0.875,0.6,0
葡萄牙,西班牙,3,3,30,63,14,30,49,99,0.466666667,0.476190476,1.633333333,1.571428571,-1
法国,澳大利亚,2,1,66,16,34,2,120,13,0.515151515,0.125,1.818181818,0.8125,1
阿根廷,冰岛,1,1,81,3,43,0,137,2,0.530864198,0,1.691358025,0.666666667,-1
秘鲁,丹麦,0,1,18,20,5,9,21,30,0.277777778,0.45,1.166666667,1.5,0
克罗地亚,尼日利亚,2,0,23,21,11,6,35,23,0.47826087,0.285714286,1.52173913,1.095238095,1
哥斯达黎加,塞尔维亚,0,1,18,13,5,4,19,11,0.277777778,0.307692308,1.055555556,0.846153846,0
德国,墨西哥,0,1,109,57,67,16,226,60,0.614678899,0.280701754,2.073394495,1.052631579,0
巴西,瑞士,1,1,109,37,73,12,229,50,0.669724771,0.324324324,2.100917431,1.351351351,-1
瑞典,韩国,1,0,51,29,19,6,80,29,0.37254902,0.206896552,1.568627451,1,1
比利时,巴拿马,3,0,48,3,20,0,68,2,0.416666667,0,1.416666667,0.666666667,1
突尼斯,英格兰,1,2,15,69,2,29,13,91,0.133333333,0.420289855,0.866666667,1.31884058,0
哥伦比亚,日本,1,2,22,21,9,5,32,20,0.409090909,0.238095238,1.454545455,0.952380952,0
波兰,塞内加尔,1,2,34,8,16,3,46,11,0.470588235,0.375,1.352941176,1.375,0
俄罗斯,埃及,3,1,45,7,19,0,77,5,0.422222222,0,1.711111111,0.714285714,1
葡萄牙,摩洛哥,1,0,30,16,14,2,49,14,0.466666667,0.125,1.633333333,0.875,1
乌拉圭,沙特阿拉伯,1,0,56,16,24,3,87,11,0.428571429,0.1875,1.553571429,0.6875,1
伊朗,西班牙,0,1,15,63,2,30,9,99,0.133333333,0.476190476,0.6,1.571428571,0
丹麦,澳大利亚,1,1,20,16,9,2,30,13,0.45,0.125,1.5,0.8125,-1
法国,秘鲁,1,0,66,18,34,5,120,21,0.515151515,0.277777778,1.818181818,1.166666667,1
阿根廷,克罗地亚,0,3,81,23,43,11,137,35,0.530864198,0.47826087,1.691358025,1.52173913,0
巴西,哥斯达黎加,2,0,109,18,73,5,229,19,0.669724771,0.277777778,2.100917431,1.055555556,1
尼日利亚,冰岛,2,0,21,3,6,0,23,2,0.285714286,0,1.095238095,0.666666667,1
塞尔维亚,瑞士,1,2,13,37,4,12,11,50,0.307692308,0.324324324,0.846153846,1.351351351,0
比利时,突尼斯,5,2,48,15,20,2,68,13,0.416666667,0.133333333,1.416666667,0.866666667,1
韩国,墨西哥,1,2,29,57,6,16,29,60,0.206896552,0.280701754,1,1.052631579,0
德国,瑞典,2,1,109,51,67,19,226,80,0.614678899,0.37254902,2.073394495,1.568627451,1
英格兰,巴拿马,6,1,69,3,29,0,91,2,0.420289855,0,1.31884058,0.666666667,1
日本,塞内加尔,2,2,21,8,5,3,20,11,0.238095238,0.375,0.952380952,1.375,-1
波兰,哥伦比亚,0,3,34,22,16,9,46,32,0.470588235,0.409090909,1.352941176,1.454545455,0
俄罗斯,乌拉圭,0,3,45,56,19,24,77,87,0.422222222,0.428571429,1.711111111,1.553571429,0
沙特阿拉伯,埃及,2,1,16,7,3,0,11,5,0.1875,0,0.6875,0.714285714,1
西班牙,摩洛哥,2,2,63,16,30,2,99,14,0.476190476,0.125,1.571428571,0.875,-1
伊朗,葡萄牙,1,1,15,30,2,14,9,49,0.133333333,0.466666667,0.6,1.633333333,-1
澳大利亚,秘鲁,0,2,16,18,2,5,13,21,0.125,0.277777778,0.8125,1.166666667,0
丹麦,法国,0,0,20,66,9,34,30,120,0.45,0.515151515,1.5,1.818181818,-1
尼日利亚,阿根廷,1,2,21,81,6,43,23,137,0.285714286,0.530864198,1.095238095,1.691358025,0
冰岛,克罗地亚,1,2,3,23,0,11,2,35,0,0.47826087,0.666666667,1.52173913,0
韩国,德国,2,0,29,109,6,67,29,226,0.206896552,0.614678899,1,2.073394495,1
墨西哥,瑞典,0,3,57,51,16,19,60,80,0.280701754,0.37254902,1.052631579,1.568627451,0
塞尔维亚,巴西,0,2,13,109,4,73,11,229,0.307692308,0.669724771,0.846153846,2.100917431,0
瑞士,哥斯达黎加,2,2,37,18,12,5,50,19,0.324324324,0.277777778,1.351351351,1.055555556,-1
日本,波兰,0,1,21,34,5,16,20,46,0.238095238,0.470588235,0.952380952,1.352941176,0
塞内加尔,哥伦比亚,0,1,8,22,3,9,11,32,0.375,0.409090909,1.375,1.454545455,0
巴拿马,突尼斯,1,2,3,15,0,2,2,13,0,0.133333333,0.666666667,0.866666667,0
英格兰,比利时,0,1,69,48,29,20,91,68,0.420289855,0.416666667,1.31884058,1.416666667,0
法国,阿根廷,4,3,66,81,34,43,120,137,0.515151515,0.530864198,1.818181818,1.691358025,1
乌拉圭,葡萄牙,2,1,56,30,24,14,87,49,0.428571429,0.466666667,1.553571429,1.633333333,1
俄罗斯,西班牙,1,1,45,63,19,30,77,99,0.422222222,0.476190476,1.711111111,1.571428571,-1
克罗地亚,丹麦,1,1,23,20,11,9,35,30,0.47826087,0.45,1.52173913,1.5,-1
巴西,墨西哥,2,0,109,57,73,16,229,60,0.669724771,0.280701754,2.100917431,1.052631579,1
比利时,日本,3,2,48,21,20,5,68,20,0.416666667,0.238095238,1.416666667,0.952380952,1
瑞典,瑞士,1,0,51,37,19,12,80,50,0.37254902,0.324324324,1.568627451,1.351351351,1
哥伦比亚,英格兰,1,1,22,69,9,29,32,91,0.409090909,0.420289855,1.454545455,1.31884058,-1
乌拉圭,法国,0,2,56,66,24,34,87,120,0.428571429,0.515151515,1.553571429,1.818181818,0
巴西,比利时,1,2,109,48,73,20,229,68,0.669724771,0.416666667,2.100917431,1.416666667,0
瑞典,英格兰,0,2,51,69,19,29,80,91,0.37254902,0.420289855,1.568627451,1.31884058,0
俄罗斯,克罗地亚,2,2,45,23,19,11,77,35,0.422222222,0.47826087,1.711111111,1.52173913,-1
法国,比利时,1,0,66,48,34,20,120,68,0.515151515,0.416666667,1.818181818,1.416666667,1
克罗地亚,英格兰,2,1,23,69,11,29,35,91,0.47826087,0.420289855,1.52173913,1.31884058,1
比利时,英格兰,2,0,48,69,20,29,68,91,0.416666667,0.420289855,1.416666667,1.31884058,1
法国,克罗地亚,4,2,66,23,34,11,120,35,0.515151515,0.47826087,1.818181818,1.52173913,1
